image url,Manual validation,microsoft azure labels,gluon labels,google label description,google object detection
https://live.staticflickr.com/65535/51096397035_d59c0df3a1_c.jpg,True,"['frog', 'animal', 'reptile', 'snake']",['tailed frog'],"['Brown', 'Arthropod', 'Insect', 'Pollinator', 'Moths and butterflies', 'Butterfly', 'Terrestrial animal', 'Symmetry', 'Pattern', 'Reptile']","['Frog', 'Animal']"
https://live.staticflickr.com/65535/51095572364_e9b62d764e_c.jpg,True,"['animal', 'ground', 'frog', 'reptile', 'lizard', 'amphibian', 'toad', 'true frog', 'true toad', 'herpetology', 'scaled reptile', 'iguana', 'crocodile', 'snake']","['tailed frog', 'bullfrog']","['Head', 'Frog', 'Eye', 'True frog', 'Toad', 'True toad', 'Organism', 'Terrestrial animal', 'Amphibian', 'Snout']",['Frog']
https://live.staticflickr.com/65535/51095587457_dc848ef0a7_c.jpg,True,"['animal', 'frog', 'reptile', 'amphibian', 'true frog', 'toad', 'lizard', 'true toad', 'turtle', 'tortoise', 'scaled reptile', 'anaxyrus', 'snake', 'crocodile', 'bullfrog']",['tailed frog'],"['True toad', 'Eye', 'True frog', 'Frog', 'Toad', 'Organism', 'Anaxyrus', 'Terrestrial animal', 'Amphibian', 'Snout']",['Frog']
https://live.staticflickr.com/65535/51089121676_3666567c54_o.jpg,True,"['ground', 'animal', 'outdoor', 'frog', 'amphibian', 'true frog', 'toad', 'true toad', 'reptile', 'lizard', 'open', 'anaxyrus', 'dry', 'close']",['tailed frog'],"['True toad', 'Frog', 'True frog', 'Toad', 'Anaxyrus', 'Terrestrial animal', 'Amphibian', 'Texas Toad', 'Bullfrog', 'Landscape']",['Frog']
https://live.staticflickr.com/65535/51014050635_51c53599b7_o.jpg,False,"['invertebrate', 'animal', 'insect']",['bee'],"['Insect', 'Arthropod', 'Pollinator', 'Halictidae', 'Pest', 'Parasite', 'Macro photography', 'Art', 'Membrane-winged insect', 'Fly']",['Bee']
https://live.staticflickr.com/65535/51070269406_9a0b57877f_o.jpg,False,"['animal', 'chocolate', 'fish', 'salamander']",['rock crab'],"['Fang', 'Terrestrial animal', 'Reptile', 'Terrestrial plant', 'Amphibian', 'Soil', 'Darkness', 'Wood', 'Macro photography', 'Scaled reptile']",['Animal']
https://live.staticflickr.com/65535/51061343011_393b7f4bf2_c.jpg,False,"['reptile', 'animal', 'scaled reptile', 'lizard', 'crocodile', 'snake', 'iguania']","['common iguana', 'green lizard', 'American chameleon']","['Reptile', 'Iguania', 'Lizard', 'Scaled reptile', 'Liquid', 'Terrestrial animal', 'Water', 'Close-up', 'Dragon lizard', 'Macro photography']",['Lizard']
https://live.staticflickr.com/65535/51055438668_c18bd6182d_c.jpg,True,"['animal', 'frog', 'reptile', 'amphibian', 'true frog', 'toad', 'true toad', 'lizard', 'close']","['bullfrog', 'tailed frog']","['Frog', 'Eye', 'True frog', 'Toad', 'Terrestrial animal', 'Amphibian', 'Snout', 'Close-up', 'Macro photography', 'Bufo']",['Frog']
https://live.staticflickr.com/65535/51048258061_06502469c2_o.jpg,True,"['grass', 'frog', 'animal', 'outdoor', 'reptile', 'amphibian', 'true frog', 'lizard', 'toad', 'true toad']",['tailed frog'],"['Head', 'True toad', 'Frog', 'Plant', 'True frog', 'Anaxyrus', 'Toad', 'Terrestrial animal', 'Grass', 'Amphibian']",['Frog']
https://live.staticflickr.com/65535/51047794432_fb0f1cb735_c.jpg,True,"['animal', 'cave', 'rock', 'frog']",['rock crab'],"['Bedrock', 'Terrestrial animal', 'Rock', 'Grass', 'Soil', 'Big cats', 'Landscape', 'Natural material', 'Felidae', 'Amphibian']",['Frog']
https://live.staticflickr.com/65535/51043531242_256c66785c_c.jpg,True,"['person', 'animal', 'reptile', 'holding', 'lizard', 'hand', 'snake', 'amphibian', 'frog', 'crocodile', 'dinosaur', 'scaled reptile', 'arm']","['African chameleon', 'tailed frog']","['Head', 'Arm', 'Eye', 'Frog', 'True frog', 'True toad', 'Jaw', 'Toad', 'Amphibian', 'Terrestrial animal']","['Animal', 'Lizard']"
https://live.staticflickr.com/65535/51023367288_92a61191fb_c.jpg,True,"['outdoor', 'reptile', 'plant', 'animal', 'frog', 'snake', 'leaf', 'turtle', 'dirt']","['bullfrog', 'tailed frog']","['Plant', 'Botany', 'Reptile', 'Gopher tortoise', 'Terrestrial plant', 'Twig', 'Scaled reptile', 'Terrestrial animal', 'Natural material', 'Grass']","['Frog', 'Animal']"
https://live.staticflickr.com/65535/51018967392_b63bed5e2a_o.jpg,True,"['animal', 'reptile', 'outdoor', 'frog', 'lizard', 'amphibian', 'true frog', 'toad', 'true toad', 'scaled reptile', 'snake', 'crocodile', 'anaxyrus', 'close']","['tailed frog', 'bullfrog']","['True toad', 'Frog', 'True frog', 'Organism', 'Toad', 'Terrestrial animal', 'Texas Toad', 'Adaptation', 'Anaxyrus', 'Amphibian']",['Frog']
https://live.staticflickr.com/65535/51015340626_ef3b355367_c.jpg,True,"['animal', 'frog', 'reptile', 'lizard', 'snake', 'wood']","['tailed frog', 'bullfrog']","['True toad', 'Frog', 'True frog', 'Toad', 'Anaxyrus', 'Organism', 'Reptile', 'Scaled reptile', 'Amphibian', 'Terrestrial animal']",['Frog']
https://live.staticflickr.com/65535/51015298826_e47a22d64c_c.jpg,True,"['animal', 'frog', 'reptile', 'lizard', 'amphibian', 'true frog', 'toad', 'true toad', 'snake', 'scaled reptile', 'herpetology']","['tailed frog', 'bullfrog']","['True frog', 'Frog', 'True toad', 'Organism', 'Toad', 'Adaptation', 'Terrestrial animal', 'Amphibian', 'Anaxyrus', 'Bullfrog']",['Frog']
https://live.staticflickr.com/65535/51014571023_50842bc996_c.jpg,True,"['animal', 'reptile', 'frog', 'lizard', 'yellow', 'amphibian', 'snake']","['tailed frog', 'bullfrog']","['Head', 'True toad', 'Eye', 'Frog', 'True frog', 'Toad', 'Organism', 'Terrestrial animal', 'Adaptation', 'Amphibian']",['Frog']
https://live.staticflickr.com/31337/51010770083_6431d22322_c.jpg,False,"['outdoor', 'bird', 'ground', 'animal', 'mammal']",['indri'],"['Bird', 'Beak', 'Terrestrial plant', 'Feather', 'Terrestrial animal', 'Groundcover', 'Water', 'Grass', 'Water bird', 'Crane-like bird']","['Animal', 'Bird']"
https://live.staticflickr.com/65535/50998845128_559f8d860c_c.jpg,True,"['animal', 'ground', 'reptile', 'grass', 'frog', 'outdoor', 'lizard', 'amphibian', 'plant', 'true frog', 'toad', 'true toad', 'scaled reptile', 'snake', 'anaxyrus', 'dirt']","['tailed frog', 'bullfrog']","['Plant', 'True toad', 'True frog', 'Frog', 'Toad', 'Anaxyrus', 'Adaptation', 'Grass', 'Terrestrial plant', 'Terrestrial animal']",['Frog']
https://live.staticflickr.com/65535/50998841403_47129aabf8_c.jpg,False,"['animal', 'ground', 'frog', 'drawing', 'sketch', 'reptile', 'lizard']","['banded gecko', 'tailed frog']","['Frog', 'Toad', 'Terrestrial animal', 'Amphibian', 'Arthropod', 'Soil', 'True frog', 'Insect', 'Texas Toad', 'True toad']",['Moths and butterflies']
https://live.staticflickr.com/65535/50988775571_ecb9c664b8_c.jpg,True,"['animal', 'reptile', 'amphibian', 'lizard', 'true frog', 'toad', 'frog', 'true toad', 'snake', 'scaled reptile', 'anaxyrus', 'herpetology', 'bullfrog', 'texas toad', 'poison dart frog', 'close']",['tailed frog'],"['Head', 'Frog', 'Eye', 'True frog', 'Toad', 'True toad', 'Organism', 'Terrestrial animal', 'Amphibian', 'Adaptation']",['Frog']
https://live.staticflickr.com/65535/50987980426_2ed6427fee_c.jpg,True,"['reptile', 'animal', 'frog', 'snake', 'lizard', 'crocodile', 'scaled reptile', 'turtle']",['tailed frog'],"['Frog', 'True frog', 'Toad', 'True toad', 'Organism', 'Terrestrial animal', 'Adaptation', 'Reptile', 'Amphibian', 'Scaled reptile']",['Frog']
https://live.staticflickr.com/65535/50951820106_33ffb505c1_o.jpg,True,"['reptile', 'animal', 'lizard', 'turtle', 'tortoise', 'frog', 'amphibian']","['tailed frog', 'bullfrog']","['Eye', 'Plant', 'Purple', 'Reptile', 'Terrestrial plant', 'Terrestrial animal', 'Grass', 'Amphibian', 'Close-up', 'Macro photography']",['Animal']
https://live.staticflickr.com/65535/50934978987_7c4e8b655f_o.jpg,False,"['ground', 'outdoor', 'rock', 'reptile', 'animal', 'wood', 'dirt']","['tailed frog', 'bullfrog']","['Frog', 'Toad', 'True frog', 'Terrestrial animal', 'Amphibian', 'Texas Toad', 'Soil', 'Wood', 'True toad', 'Scaled reptile']",['Frog']
https://live.staticflickr.com/65535/50889850122_0755065479_c.jpg,True,"['animal', 'reptile', 'frog', 'lizard', 'amphibian', 'snake', 'toad', 'true frog', 'true toad']",['tailed frog'],"['Frog', 'True frog', 'True toad', 'Toad', 'Organism', 'Anaxyrus', 'Terrestrial animal', 'Amphibian', 'Bullfrog', 'Texas Toad']",['Frog']
https://live.staticflickr.com/65535/50869259981_953eee36b4_c.jpg,True,"['animal', 'reptile', 'frog', 'ground', 'lizard', 'amphibian', 'snake', 'true frog', 'toad', 'true toad', 'scaled reptile', 'anaxyrus', 'crocodile', 'herpetology', 'texas toad', 'plant']",['tailed frog'],"['Plant', 'Reptile', 'Organism', 'Frog', 'True frog', 'Toad', 'Scaled reptile', 'True toad', 'Lizard', 'Terrestrial animal']",['Frog']
https://live.staticflickr.com/65535/50858088648_cf70c090ea_o.jpg,False,"['outdoor', 'tree', 'animal', 'sky', 'reptile', 'ground', 'statue', 'lizard', 'dinosaur', 'crocodile', 'sculpture', 'frog', 'concrete', 'curb']",['cannon'],"['Sculpture', 'Plant', 'Sky', 'Tree', 'Art', 'Statue', 'Reptile', 'Building', 'Fawn', 'Grass']","['Animal', 'Table top']"
https://live.staticflickr.com/65535/50858905047_f336326dbe_o.jpg,False,['bird'],"['doormat', 'brass']","['Plant', 'Wood', 'Tree', 'Rectangle', 'Font', 'Window', 'Concrete', 'Soil', 'Landscape', 'Asphalt']",[]
https://live.staticflickr.com/65535/50857910843_93f31e9be4_o.jpg,True,"['animal', 'reef', 'frog']","['rock crab', 'tailed frog']","['Plant', 'Wood', 'Bedrock', 'Tree', 'Close-up', 'Geology', 'Landscape', 'Soil', 'Rock', 'Natural landscape']",['Animal']
https://live.staticflickr.com/65535/50858725407_3918f23024_o.jpg,True,"['ground', 'animal', 'outdoor', 'reptile', 'frog', 'snake', 'lizard', 'yellow', 'scaled reptile', 'amphibian']","['tailed frog', 'bullfrog']","['Frog', 'Reptile', 'Organism', 'Toad', 'True frog', 'Lizard', 'Terrestrial animal', 'Amphibian', 'Scaled reptile', 'Tail']",['Frog']
https://live.staticflickr.com/65535/50857910778_d04048669a_o.jpg,True,"['animal', 'ground', 'reptile', 'snake', 'lizard', 'frog', 'salamander', 'amphibian', 'scaled reptile']","['tailed frog', 'bullfrog']","['Frog', 'True frog', 'True toad', 'Organism', 'Toad', 'Terrestrial animal', 'Anaxyrus', 'Amphibian', 'Bullfrog', 'Bufo']","['Frog', 'Animal']"
https://live.staticflickr.com/65535/50855192581_0181e4176f_o.jpg,True,"['green', 'animal', 'frog', 'reptile', 'lizard']","['tree frog', 'tailed frog']","['Leaf', 'Organism', 'Terrestrial plant', 'Frog', 'Terrestrial animal', 'Grass', 'Plant', 'Wildlife', 'Macro photography', 'Natural material']",['Frog']
https://live.staticflickr.com/65535/50846591791_a9dd282aef_o.jpg,True,"['grass', 'outdoor', 'frog', 'animal', 'reptile', 'amphibian', 'plant', 'close']","['bullfrog', 'tailed frog']","['Frog', 'True frog', 'Pollinator', 'Toad', 'Insect', 'Arthropod', 'Grass', 'Plant', 'Terrestrial animal', 'Amphibian']",['Frog']
https://live.staticflickr.com/65535/50844051621_1c6141dc3c_c.jpg,True,"['animal', 'frog', 'rock', 'reptile', 'lizard', 'stone']","['tailed frog', 'bullfrog']","['Head', 'Frog', 'True toad', 'True frog', 'Toad', 'Terrestrial animal', 'Adaptation', 'Amphibian', 'Snout', 'Anaxyrus']",['Frog']
https://live.staticflickr.com/65535/50837611857_e0ea404e15_c.jpg,True,"['animal', 'frog', 'ground', 'reptile', 'amphibian', 'lizard']",['tailed frog'],"['True toad', 'True frog', 'Frog', 'Organism', 'Toad', 'Terrestrial animal', 'Amphibian', 'Snout', 'Anaxyrus', 'Bullfrog']","['Frog', 'Animal']"
https://live.staticflickr.com/65535/50833870708_80d19be153_c.jpg,True,"['animal', 'frog', 'reptile', 'lizard', 'amphibian', 'snake']",['tailed frog'],"['Eye', 'Frog', 'True frog', 'True toad', 'Organism', 'Toad', 'Terrestrial animal', 'Amphibian', 'Close-up', 'Bullfrog']",['Frog']
https://live.staticflickr.com/65535/50830834227_ff6fba1824_c.jpg,True,"['animal', 'frog', 'reptile', 'snake', 'bird', 'invertebrate']",['tailed frog'],"['Organism', 'Terrestrial animal', 'Marine invertebrates', 'Fish', 'Soil', 'Flatfish', 'Invertebrate', 'Toad', 'Amphibian']",['Frog']
https://live.staticflickr.com/65535/50816266356_5c92e08440_o.jpg,True,"['grass', 'outdoor', 'frog', 'animal', 'reptile', 'amphibian', 'lizard', 'true frog', 'toad', 'true toad', 'scaled reptile']",['tailed frog'],"['Frog', 'True frog', 'Toad', 'Organism', 'Plant', 'True toad', 'Terrestrial animal', 'Grass', 'Amphibian', 'Terrestrial plant']",['Frog']
https://live.staticflickr.com/65535/50815521833_f4e3ed1b38_c.jpg,False,"['animal', 'reptile', 'snake', 'lizard', 'frog']",['tailed frog'],"['Road surface', 'Terrestrial animal', 'Asphalt', 'Soil', 'Concrete', 'Sand', 'Arthropod', 'Building material', 'Shadow', 'Invertebrate']",['Frog']
https://live.staticflickr.com/65535/50809780887_7ed1189c66_c.jpg,True,"['ground', 'rock', 'reptile', 'lizard', 'snake', 'slice', 'invertebrate']",['stinkhorn'],"['Insect', 'Wood', 'Bedrock', 'Natural material', 'Pest', 'Landscape', 'Soil', 'Geology', 'Arthropod', 'Terrestrial animal']",['Frog']
https://live.staticflickr.com/65535/50809334591_d08bdf16b8_c.jpg,True,"['animal', 'reptile', 'amphibian', 'true frog', 'toad', 'true toad', 'lizard', 'frog', 'anaxyrus', 'bullfrog', 'scaled reptile']",['tailed frog'],"['Head', 'Frog', 'Eye', 'True toad', 'True frog', 'Toad', 'Plant', 'Organism', 'Terrestrial animal', 'Amphibian']",['Frog']
https://live.staticflickr.com/65535/50807798148_e826591cc2_o.jpg,False,"['ground', 'outdoor', 'animal', 'lizard', 'reptile', 'snake', 'scaled reptile', 'crocodile', 'iguania', 'dirt', 'close', 'trunk']",['Komodo dragon'],"['Reptile', 'Scaled reptile', 'Organism', 'Terrestrial animal', 'Lizard', 'Varanidae', 'Grass', 'Terrestrial plant', 'Landscape', 'Komodo dragon']",['Lizard']
https://live.staticflickr.com/65535/50808652687_c4fd398158_o.jpg,False,"['ground', 'reptile', 'lizard', 'animal', 'outdoor', 'grass', 'snake', 'scaled reptile', 'iguania', 'wildlife', 'dirt', 'herpetology', 'amphibian']",['Komodo dragon'],"['Plant', 'Ecoregion', 'Organism', 'Scaled reptile', 'Terrestrial plant', 'Grass', 'Terrestrial animal', 'Adaptation', 'Reptile', 'Grass family']",['Lizard']
https://live.staticflickr.com/65535/50796967888_a2123ca016_c.jpg,True,"['tree', 'frog', 'reptile', 'outdoor', 'animal', 'lizard', 'snake', 'amphibian', 'trunk']","['tree frog', 'tailed frog', 'bullfrog']","['Frog', 'True frog', 'Toad', 'Botany', 'Organism', 'Terrestrial plant', 'Terrestrial animal', 'Amphibian', 'Adaptation', 'Plant']",['Frog']
https://live.staticflickr.com/65535/50794413562_abcc628bae_o.jpg,True,"['ground', 'reptile', 'animal', 'cup', 'snake', 'lizard', 'turtle', 'frog', 'crocodile']",['tailed frog'],"['Frog', 'True toad', 'Toad', 'Wheel', 'Terrestrial animal', 'True frog', 'Reptile', 'Amphibian', 'Metal', 'Soil']","['Frog', 'Animal', 'Packaged goods']"
https://live.staticflickr.com/65535/50743620067_e5db0fdd61_c.jpg,True,"['food', 'chocolate', 'several', 'vegetable']",['tailed frog'],"['Eye', 'Frog', 'True frog', 'True toad', 'Toad', 'Anaxyrus', 'Food', 'Terrestrial animal', 'Bullfrog', 'Amphibian']",['Animal']
https://live.staticflickr.com/65535/50718786217_6ef56efda0_c.jpg,True,"['animal', 'reptile', 'frog', 'lizard', 'amphibian', 'snake', 'toad', 'true frog', 'true toad']",['tailed frog'],"['True toad', 'Frog', 'True frog', 'Toad', 'Organism', 'Anaxyrus', 'Terrestrial animal', 'Amphibian', 'American Toad', 'Texas Toad']","['Frog', 'Animal']"
https://live.staticflickr.com/65535/50711654362_6d4c8bd0e6_o.jpg,True,"['animal', 'frog', 'reptile', 'amphibian', 'true frog']","['bullfrog', 'tailed frog']","['Head', 'Plant', 'True frog', 'Frog', 'Organism', 'True toad', 'Toad', 'Terrestrial plant', 'Grass', 'Groundcover']",['Frog']
https://live.staticflickr.com/65535/50709421522_c1167965c3_c.jpg,False,"['animal', 'reptile', 'rock', 'frog']",['night snake'],"['Terrestrial animal', 'Reptile', 'Wood', 'Soil', 'Arthropod', 'Scaled reptile', 'Claw', 'Shadow', 'Invertebrate', 'Marine invertebrates']",['Animal']
https://live.staticflickr.com/65535/50709378072_2515def21c_c.jpg,True,"['animal', 'reptile', 'frog']",['tailed frog'],"['Liquid', 'Parasite', 'Font', 'Fashion accessory', 'Metal', 'Insect', 'Macro photography', 'Larva', 'Reptile']",['Animal']
https://live.staticflickr.com/65535/50709291051_062e1379db_c.jpg,True,"['animal', 'reptile', 'frog', 'fungus', 'snake', 'lizard', 'close']","['tailed frog', 'bullfrog']","['Frog', 'True toad', 'True frog', 'Toad', 'Organism', 'Terrestrial animal', 'Amphibian', 'Texas Toad', 'Snout', 'Anaxyrus']",['Frog']
https://live.staticflickr.com/65535/50708557723_2d59e52bd6_c.jpg,True,"['animal', 'reptile', 'frog', 'snake', 'lizard', 'amphibian', 'toad', 'true frog', 'scaled reptile', 'true toad', 'herpetology', 'crocodile', 'anaxyrus']",['tailed frog'],"['Vertebrate', 'Frog', 'True toad', 'Toad', 'Organism', 'True frog', 'Adaptation', 'Amphibian', 'Terrestrial animal', 'Snout']",['Frog']
https://live.staticflickr.com/65535/50693111097_dbf83a4842_o.jpg,True,"['reptile', 'animal', 'lizard', 'amphibian', 'frog', 'crocodile', 'scaled reptile', 'true frog', 'toad', 'snake', 'true toad', 'turtle', 'tortoise', 'iguania', 'crocodilia', 'alligator', 'open']","['tailed frog', 'bullfrog']","['Head', 'Frog', 'Eye', 'Toad', 'True frog', 'Organism', 'Terrestrial animal', 'Amphibian', 'Plant', 'Terrestrial plant']",['Frog']
https://live.staticflickr.com/65535/50667464232_c49e629e33_c.jpg,True,"['frog', 'animal', 'ground', 'reptile', 'amphibian', 'lizard', 'true frog', 'toad', 'true toad', 'snake', 'scaled reptile', 'anaxyrus', 'texas toad', 'bullfrog', 'herpetology']","['tailed frog', 'bullfrog']","['Head', 'Frog', 'True toad', 'True frog', 'Toad', 'Organism', 'Amphibian', 'Terrestrial animal', 'Anaxyrus', 'Bullfrog']",['Frog']
https://live.staticflickr.com/65535/50667385491_4a034ecced_c.jpg,False,"['water', 'reef', 'several']","['jellyfish', 'electric ray', 'eel']","['Water', 'Vertebrate', 'Liquid', 'Fluid', 'Organism', 'Fish', 'Underwater', 'Marine biology', 'Electric blue', 'Fin']","['Animal', 'Hat']"
https://live.staticflickr.com/65535/50660994878_04c3519f53_o.jpg,False,"['tree', 'outdoor', 'sky', 'plant', 'flower', 'autumn', 'forest', 'wooded']",['buckeye'],"['Sky', 'Branch', 'Tree', 'Twig', 'Woody plant', 'Plant', 'Trunk', 'Flower', 'Natural landscape', 'Deciduous']",[]
https://live.staticflickr.com/65535/50658878952_8f01a1b718_o.jpg,True,"['outdoor', 'bird', 'plant', 'aerie', 'prop root', 'root']",['mink'],"['Twig', 'Wood', 'Grass', 'Grass family', 'Terrestrial animal', 'Event', 'Pattern', 'Plant', 'Wildlife', 'Metal']",['Animal']
https://live.staticflickr.com/65535/50632041228_ebd6d267ce_c.jpg,True,"['frog', 'animal', 'reptile', 'lizard', 'amphibian', 'toad', 'true frog', 'true toad', 'anaxyrus', 'scaled reptile', 'snake', 'crocodile']",['tailed frog'],"['Frog', 'True frog', 'True toad', 'Toad', 'Organism', 'Terrestrial animal', 'Amphibian', 'Anaxyrus', 'Bullfrog', 'Bufo']",['Frog']
https://live.staticflickr.com/65535/50632007396_6f97cdd679_c.jpg,True,"['animal', 'ground', 'frog', 'reptile', 'lizard', 'snake', 'amphibian', 'herpetology', 'toad', 'true frog', 'true toad', 'crocodile']",['tailed frog'],"['Head', 'Frog', 'Eye', 'True toad', 'Toad', 'True frog', 'Organism', 'Terrestrial animal', 'Amphibian', 'Snout']",['Frog']
https://live.staticflickr.com/65535/50626584728_7ca55c3d88_c.jpg,True,"['animal', 'ground', 'frog', 'reptile', 'lizard']","['tailed frog', 'bullfrog']","['True toad', 'True frog', 'Frog', 'Toad', 'Anaxyrus', 'Amphibian', 'Terrestrial animal', 'Bullfrog', 'Texas Toad', 'Bufo']",['Frog']
https://live.staticflickr.com/65535/50624358106_58e052bb94_c.jpg,True,"['animal', 'lizard', 'reptile', 'snake', 'frog']",['tailed frog'],"['Head', 'Eye', 'Frog', 'True toad', 'True frog', 'Toad', 'Terrestrial animal', 'Amphibian', 'Adaptation', 'Plant']",['Frog']
https://live.staticflickr.com/65535/50615421648_af4308080b_c.jpg,True,"['animal', 'ground', 'reptile', 'lizard', 'frog', 'amphibian', 'yellow', 'toad', 'true frog', 'true toad', 'scaled reptile']","['tailed frog', 'bullfrog']","['Head', 'Eye', 'True toad', 'Frog', 'True frog', 'Toad', 'Organism', 'Terrestrial animal', 'Amphibian', 'Anaxyrus']",['Frog']
https://live.staticflickr.com/65535/50616060826_1ee41d3243_c.jpg,True,"['ground', 'animal', 'frog', 'reptile', 'yellow', 'lizard', 'amphibian', 'true frog', 'toad', 'snake', 'scaled reptile']","['tailed frog', 'bullfrog']","['Head', 'Frog', 'True toad', 'Eye', 'True frog', 'Toad', 'Amphibian', 'Terrestrial animal', 'Snout', 'Anaxyrus']",['Frog']
https://live.staticflickr.com/65535/50616163242_ffeca965a2_c.jpg,True,"['animal', 'ground', 'yellow', 'reptile', 'frog', 'lizard', 'amphibian', 'snake']","['tailed frog', 'bullfrog']","['Head', 'Frog', 'True frog', 'True toad', 'Toad', 'Organism', 'Terrestrial animal', 'Amphibian', 'Close-up', 'Bufo']",['Frog']
https://live.staticflickr.com/65535/50616153342_115bf88b3b_c.jpg,True,"['animal', 'frog', 'ground', 'reptile', 'lizard', 'amphibian', 'toad', 'true toad', 'true frog']",['tailed frog'],"['Head', 'True toad', 'Frog', 'Toad', 'Anaxyrus', 'True frog', 'American Toad', 'Terrestrial animal', 'Texas Toad', 'Amphibian']",['Frog']
https://live.staticflickr.com/65535/50603390813_7728ab37c1_c.jpg,True,"['animal', 'frog', 'dessert']","['tailed frog', 'bullfrog']","['Frog', 'Eye', 'True frog', 'Water', 'True toad', 'Toad', 'Fluid', 'Liquid', 'Terrestrial animal', 'Amphibian']",['Animal']
https://live.staticflickr.com/65535/50588117663_e5c003fe39_o.jpg,False,"['text', 'handwriting', 'poster']","['African crocodile', 'menu']","['Sky', 'Font', 'Reptile', 'Grass', 'Poster', 'Fish', 'Plant', 'Signage', 'Advertising', 'Sign']","['Packaged goods', 'Animal']"
https://live.staticflickr.com/65535/50583092931_c9969c6b8e_c.jpg,True,"['grass', 'animal', 'frog', 'reptile', 'snake', 'outdoor', 'amphibian', 'lizard', 'true frog', 'toad', 'herpetology', 'true toad', 'scaled reptile']",['tailed frog'],"['Frog', 'True toad', 'True frog', 'Toad', 'Organism', 'Amphibian', 'Terrestrial animal', 'Anaxyrus', 'Grass', 'Bufo']",['Frog']
https://live.staticflickr.com/65535/50583091006_724311bd33_c.jpg,True,"['animal', 'frog', 'laying', 'abstract', 'dry']","['bullfrog', 'tailed frog']","['Brown', 'Terrestrial animal', 'Terrestrial plant', 'Art', 'Pattern', 'Soil', 'Circle', 'Visual arts', 'Plant', 'Illustration']",['Frog']
https://live.staticflickr.com/65535/50583208992_c499c83c7a_c.jpg,True,"['animal', 'grass', 'frog', 'yellow', 'reptile', 'laying', 'lizard', 'pile', 'tan']","['tailed frog', 'bullfrog']","['Head', 'Frog', 'Eye', 'True toad', 'True frog', 'Toad', 'Organism', 'Terrestrial animal', 'Anaxyrus', 'Adaptation']",['Frog']
https://live.staticflickr.com/65535/50578587447_b0d6f5a1a0_c.jpg,True,"['animal', 'reptile', 'snake', 'lizard', 'frog']",['tailed frog'],"['Frog', 'Eye', 'True toad', 'True frog', 'Toad', 'Terrestrial animal', 'Amphibian', 'Snout', 'Liquid', 'Bullfrog']",['Animal']
https://live.staticflickr.com/65535/50563066027_2a857bf421_c.jpg,True,"['animal', 'frog', 'reptile', 'lizard', 'amphibian', 'true frog', 'toad', 'true toad']","['bullfrog', 'tailed frog']","['Frog', 'Eye', 'Toad', 'True frog', 'Amphibian', 'Terrestrial animal', 'True toad', 'Close-up', 'Liquid', 'Electric blue']",['Animal']
https://live.staticflickr.com/65535/50553814482_2a478acc82_c.jpg,True,"['animal', 'ground', 'frog', 'reptile', 'lizard', 'snake', 'amphibian']",['tailed frog'],"['Head', 'Frog', 'True toad', 'True frog', 'Toad', 'Amphibian', 'Anaxyrus', 'Terrestrial animal', 'Snout', 'Bullfrog']",['Frog']
https://live.staticflickr.com/65535/50553812712_e15c19cb39_c.jpg,True,"['ground', 'animal', 'frog', 'reptile', 'lizard', 'amphibian', 'toy', 'true frog', 'toad', 'true toad', 'snake', 'herpetology', 'scaled reptile', 'turtle', 'crocodile']",['tailed frog'],"['Head', 'Frog', 'Toad', 'Organism', 'True frog', 'Terrestrial animal', 'True toad', 'Amphibian', 'Bufo', 'Eleutherodactylus']",['Frog']
https://live.staticflickr.com/65535/50552945463_37fceb38ab_c.jpg,True,"['animal', 'ground', 'frog', 'reptile', 'yellow', 'lizard', 'amphibian', 'snake', 'turtle', 'scaled reptile', 'tortoise']","['tailed frog', 'bullfrog']","['Frog', 'Nature', 'True toad', 'Toad', 'Organism', 'True frog', 'Adaptation', 'Terrestrial animal', 'Amphibian', 'Anaxyrus']",['Frog']
https://live.staticflickr.com/65535/50546344276_2006688402_c.jpg,True,"['animal', 'salamander', 'frog', 'reptile', 'yellow', 'gold']",['tailed frog'],"['Toad', 'Gold', 'Amphibian', 'Metal', 'Fashion accessory', 'True toad', 'Macro photography', 'Terrestrial animal', 'Jewellery', 'Circle']",['Animal']
https://live.staticflickr.com/65535/50540320762_64b50d8439_c.jpg,True,"['animal', 'reptile', 'frog', 'lizard', 'amphibian', 'toad', 'true frog']","['tailed frog', 'bullfrog']","['Eye', 'Frog', 'True toad', 'True frog', 'Toad', 'Anaxyrus', 'Organism', 'Adaptation', 'Terrestrial animal', 'Amphibian']",['Frog']
https://live.staticflickr.com/65535/50526472848_d030e05b06_c.jpg,True,"['animal', 'yellow', 'frog']",['tailed frog'],"['Head', 'Frog', 'Eye', 'True toad', 'True frog', 'Toad', 'Terrestrial animal', 'Amphibian', 'Anaxyrus', 'Snout']",['Animal']
https://live.staticflickr.com/65535/50526471628_e18d3bf581_c.jpg,True,"['animal', 'frog']","['tailed frog', 'bullfrog']","['Toad', 'Fluid', 'Amber', 'Gold', 'Frog', 'True toad', 'True frog', 'Liquid', 'Amphibian', 'Water']",['Animal']
https://live.staticflickr.com/65535/50526467228_744b724546_c.jpg,True,"['animal', 'reptile', 'frog', 'salamander']",['tailed frog'],"['True toad', 'Frog', 'True frog', 'Toad', 'Liquid', 'Terrestrial animal', 'Amphibian', 'Fluid', 'Fashion accessory', 'Macro photography']","['Frog', 'Animal']"
https://live.staticflickr.com/65535/50526466373_4d385fc6b1_c.jpg,True,"['animal', 'indoor', 'yellow', 'reptile', 'frog']","['tailed frog', 'bullfrog']","['Eye', 'Frog', 'True frog', 'True toad', 'Toad', 'Sculpture', 'Liquid', 'Terrestrial animal', 'Amphibian', 'Snout']",['Frog']
https://live.staticflickr.com/65535/50527349297_0c245cc74a_c.jpg,True,"['animal', 'frog']",['tailed frog'],"['Frog', 'Eye', 'True frog', 'True toad', 'Toad', 'Organism', 'Water', 'Terrestrial animal', 'Amphibian', 'Reptile']",['Frog']
https://live.staticflickr.com/65535/50527141271_cd1853f251_c.jpg,True,"['animal', 'frog', 'reptile', 'lizard', 'amphibian', 'toad', 'true frog', 'true toad', 'open']",['tailed frog'],"['Eye', 'True toad', 'Frog', 'True frog', 'Toad', 'Terrestrial animal', 'Amphibian', 'Anaxyrus', 'Close-up', 'Bullfrog']",['Frog']
https://live.staticflickr.com/65535/50527295392_25a877056c_c.jpg,True,"['animal', 'frog', 'amphibian', 'reptile', 'true frog', 'toad', 'true toad', 'lizard', 'anaxyrus']",['tailed frog'],"['True toad', 'Frog', 'Eye', 'Toad', 'True frog', 'Terrestrial animal', 'Amphibian', 'Snout', 'Close-up', 'Bullfrog']",['Frog']
https://live.staticflickr.com/65535/50516288956_751dafd2eb_c.jpg,True,"['animal', 'frog', 'reptile', 'amphibian', 'lizard', 'toad', 'true frog', 'true toad', 'anaxyrus', 'scaled reptile', 'crocodile', 'bullfrog', 'herpetology', 'meat', 'meal']",['tailed frog'],"['Frog', 'True frog', 'Toad', 'Organism', 'True toad', 'Terrestrial animal', 'Amphibian', 'Adaptation', 'Anaxyrus', 'Texas Toad']",['Frog']
https://live.staticflickr.com/65535/50515568958_86ede1c786_c.jpg,True,"['animal', 'frog', 'reptile', 'lizard', 'amphibian', 'true frog', 'toad', 'true toad', 'snake', 'scaled reptile']",['tailed frog'],"['Head', 'Frog', 'Eye', 'True frog', 'True toad', 'Toad', 'Organism', 'Amphibian', 'Terrestrial animal', 'Plant']",['Frog']
https://live.staticflickr.com/65535/50516450162_380d7ab572_c.jpg,True,"['animal', 'frog', 'ground', 'reptile', 'lizard', 'amphibian', 'snake', 'toad', 'true frog', 'true toad', 'tan']",['tailed frog'],"['Toad', 'Frog', 'Organism', 'True frog', 'True toad', 'Anaxyrus', 'Terrestrial animal', 'Amphibian', 'American Toad', 'Texas Toad']",['Frog']
https://live.staticflickr.com/65535/50488125731_8fd210be1d_c.jpg,True,"['grass', 'outdoor', 'pile', 'laying', 'hay', 'dry', 'lying', 'wood', 'aerie']",['warthog'],"['Brown', 'Plant', 'Vertebrate', 'Twig', 'Wood', 'Mammal', 'Trunk', 'Grass', 'Woody plant', 'Terrestrial animal']",['Animal']
https://live.staticflickr.com/65535/50437491226_0b11da0fee_c.jpg,False,"['bird', 'animal', 'outdoor', 'eagle', 'black', 'bird of prey']","['ruffed grouse', 'vulture']","['Bird', 'Eye', 'Beak', 'Feather', 'Wing', 'Natural material', 'Accipitriformes', 'Terrestrial animal', 'Falconiformes', 'Crow-like bird']",['Raven']
https://live.staticflickr.com/65535/50431869651_a13950cf71_o.jpg,True,"['ground', 'animal', 'frog', 'reptile', 'lizard', 'outdoor', 'amphibian', 'toad', 'snake', 'true toad', 'true frog', 'scaled reptile']",['tailed frog'],"['Eye', 'Toad', 'Organism', 'Frog', 'True toad', 'Terrestrial animal', 'Amphibian', 'Snout', 'Texas Toad', 'Bullfrog']",['Frog']
https://live.staticflickr.com/65535/50415216756_727cb31dba_c.jpg,True,"['animal', 'ground', 'frog', 'rock', 'reptile', 'amphibian', 'toad', 'true toad', 'true frog', 'lizard', 'anaxyrus', 'stone']",['tailed frog'],"['Eye', 'True toad', 'Frog', 'True frog', 'Toad', 'Organism', 'Anaxyrus', 'American Toad', 'Terrestrial animal', 'Amphibian']",['Frog']
https://live.staticflickr.com/65535/50401377122_885fec886a_c.jpg,True,"['animal', 'reptile', 'frog', 'amphibian', 'lizard', 'true frog', 'toad', 'true toad', 'snake', 'scaled reptile', 'close']","['bullfrog', 'tailed frog']","['Head', 'Frog', 'Plant', 'Eye', 'True frog', 'True toad', 'Toad', 'Organism', 'Terrestrial animal', 'Amphibian']",['Frog']
https://live.staticflickr.com/65535/50377458637_0c35396e92_c.jpg,True,"['animal', 'reptile', 'frog', 'ground', 'lizard', 'amphibian', 'toad', 'true toad', 'scaled reptile', 'true frog', 'crocodile', 'iguania', 'iguanidae', 'iguana', 'komodo dragon', 'anaxyrus', 'tan']",['tailed frog'],"['True toad', 'Frog', 'Toad', 'True frog', 'Anaxyrus', 'Terrestrial animal', 'Amphibian', 'Landscape', 'American Toad', 'Bullfrog']",['Frog']
https://live.staticflickr.com/65535/50337104592_2dd5c5d29c_c.jpg,False,"['invertebrate', 'dragonfly', 'animal', 'beetle', 'arthropod', 'dragonflies and damseflies', 'pest', 'spider', 'net-winged insects', 'hawker dragonflies', 'pollinator', 'plant', 'insect']","['tiger beetle', 'lacewing']","['Flower', 'Plant', 'Arthropod', 'Branch', 'Twig', 'Dragonflies and damseflies', 'Insect', 'Terrestrial plant', 'Pest', 'Dragonfly']","['Insect', 'Animal', 'Moths and butterflies']"
https://live.staticflickr.com/65535/50333811317_8c19dde4ec_o.jpg,True,"['person', 'animal', 'reptile', 'frog', 'lizard', 'indoor', 'amphibian', 'hand', 'crocodile', 'true frog', 'toad']",['tailed frog'],"['Hand', 'Frog', 'True toad', 'Toad', 'Finger', 'True frog', 'Terrestrial animal', 'Amphibian', 'Texas Toad', 'Bufo']","['Animal', 'Frog']"
https://live.staticflickr.com/65535/50327199147_742a76f6e8_o.jpg,True,"['person', 'animal', 'reptile', 'frog', 'lizard', 'indoor', 'amphibian', 'hand', 'crocodile', 'true frog', 'toad']",['tailed frog'],"['Hand', 'Frog', 'True toad', 'Toad', 'Finger', 'True frog', 'Terrestrial animal', 'Amphibian', 'Texas Toad', 'Bufo']","['Animal', 'Frog']"
https://live.staticflickr.com/65535/50276698696_ef6eb9698c_c.jpg,True,"['frog', 'animal', 'reptile', 'amphibian', 'lizard', 'true frog', 'toad', 'true toad', 'open', 'close']","['bullfrog', 'tailed frog']","['Head', 'Frog', 'True toad', 'Eye', 'True frog', 'Toad', 'Plant', 'Terrestrial animal', 'Amphibian', 'Anaxyrus']","['Frog', 'Animal']"
https://live.staticflickr.com/65535/50257236408_268fc69259_o.jpg,False,"['animal', 'reptile', 'lizard', 'amphibian', 'true frog', 'frog', 'toad', 'true toad', 'crocodile', 'scaled reptile', 'snake', 'close']",['tailed frog'],"['Frog', 'Eye', 'Toad', 'True frog', 'Reptile', 'Wood', 'Terrestrial animal', 'Amphibian', 'Snout', 'Plant']",['Frog']
https://live.staticflickr.com/65535/50250194472_96959a6005_o.jpg,False,"['reptile', 'animal', 'lizard', 'snake', 'crocodile', 'scaled reptile', 'amphibian', 'crocodilia', 'alligator', 'saltwater crocodile', 'nile crocodile', 'salamander', 'serpent', 'american alligator', 'turtle', 'american crocodile', 'tortoise', 'herpetology', 'iguania', 'grass snake', 'viper', 'python', 'hand', 'frog']","['night snake', 'alligator lizard', 'rock python']","['Reptile', 'Scaled reptile', 'Amphibian', 'Terrestrial animal', 'Terrestrial plant', 'Snout', 'Lizard', 'Landscape', 'Wildlife', 'Flesh']",['Snake']
https://live.staticflickr.com/65535/50184081601_d473b269cf_o.jpg,True,"['grass', 'outdoor', 'animal', 'reptile', 'lizard', 'frog', 'snake']","['bullfrog', 'tailed frog']","['True toad', 'Reptile', 'Frog', 'True frog', 'Toad', 'Plant', 'Grass', 'Terrestrial animal', 'Groundcover', 'Watch']","['Frog', 'Animal']"
https://live.staticflickr.com/65535/50184339247_0a86fc3408_o.jpg,True,"['grass', 'animal', 'outdoor', 'reptile', 'frog', 'lizard', 'amphibian']","['tailed frog', 'bullfrog']","['True toad', 'True frog', 'Frog', 'Toad', 'Organism', 'Plant', 'Grass', 'Anaxyrus', 'Terrestrial animal', 'Bullfrog']","['Frog', 'Animal']"
https://live.staticflickr.com/65535/50179379297_4cfc50b08b_c.jpg,True,"['grass', 'reptile', 'frog', 'animal', 'lizard', 'amphibian', 'true frog', 'toad', 'scaled reptile', 'iguania', 'true toad', 'dinosaur', 'snake']","['tailed frog', 'bullfrog']","['Frog', 'Eye', 'True frog', 'Toad', 'Plant', 'Terrestrial plant', 'Poison dart frog', 'Terrestrial animal', 'Amphibian', 'Grass']",['Animal']
https://live.staticflickr.com/65535/50179128621_8bf6104d06_c.jpg,True,"['reptile', 'animal', 'lizard', 'snake', 'frog', 'amphibian', 'scaled reptile', 'crocodile', 'turtle', 'true frog', 'tortoise', 'toad', 'iguania', 'colorful']","['tailed frog', 'bullfrog']","['Frog', 'True frog', 'Toad', 'Organism', 'True toad', 'Terrestrial animal', 'Amphibian', 'Bullfrog', 'Plant', 'Terrestrial plant']",['Frog']
https://live.staticflickr.com/65535/50168045223_d6aea95919_o.jpg,True,"['animal', 'reptile', 'ground', 'plant', 'lizard', 'amphibian', 'snake', 'true frog', 'toad', 'true toad', 'green', 'scaled reptile', 'leaf', 'anaxyrus', 'frog', 'crocodile', 'bullfrog']",['tailed frog'],"['Plant', 'Eye', 'True toad', 'Organism', 'Frog', 'True frog', 'Vegetation', 'Terrestrial plant', 'Toad', 'Terrestrial animal']","['Frog', 'Animal']"
https://live.staticflickr.com/65535/50135735902_1e931a1aa1_c.jpg,True,"['grass', 'animal', 'frog', 'reptile', 'close']","['tailed frog', 'bullfrog']","['Head', 'True toad', 'Eye', 'Frog', 'True frog', 'Plant', 'Toad', 'Organism', 'Grass', 'Motor vehicle']",['Frog']
https://live.staticflickr.com/65535/50130656348_ce06191dc8_o.jpg,True,"['tree', 'person', 'outdoor', 'clothing', 'glasses', 'shirt', 'smile', 'man', 'human face', 'sunglasses']",[],"['Smile', 'Plant', 'Dress shirt', 'Natural environment', 'Cap', 'Gesture', 'Collar', 'Adaptation', 'Eyewear', 'Belt']","['Hat', 'Pants', 'Person', 'Glasses', 'Shirt', 'Belt']"
https://live.staticflickr.com/65535/50095531592_3b62a7fcfb_o.jpg,True,"['animal', 'reptile', 'outdoor', 'lizard', 'snake', 'frog', 'scaled reptile', 'amphibian', 'close']",['tailed frog'],"['Plant', 'Frog', 'True frog', 'True toad', 'Grass', 'Toad', 'Terrestrial plant', 'Terrestrial animal', 'Amphibian', 'Snout']",['Frog']
https://live.staticflickr.com/65535/50089724431_f10c4e53cf_c.jpg,True,"['ground', 'animal', 'outdoor', 'reptile', 'lizard', 'frog', 'amphibian', 'concrete', 'stone', 'cement']","['tailed frog', 'bullfrog']","['Head', 'Frog', 'Eye', 'Toad', 'True frog', 'Terrestrial animal', 'Amphibian', 'True toad', 'Asphalt', 'Snout']",['Frog']
https://live.staticflickr.com/65535/50071994372_e92b170082_c.jpg,True,"['animal', 'frog', 'ground', 'reptile', 'amphibian', 'lizard', 'true frog', 'toad', 'rock', 'true toad', 'scaled reptile', 'anaxyrus']",['tailed frog'],"['Frog', 'True frog', 'Toad', 'True toad', 'Organism', 'Terrestrial animal', 'Amphibian', 'Bullfrog', 'Landscape', 'Soil']",['Frog']
https://live.staticflickr.com/65535/50071180558_0188fd5614_c.jpg,True,"['animal', 'ground', 'reptile', 'frog', 'lizard', 'amphibian', 'scaled reptile', 'crocodile', 'snake', 'toad', 'true toad', 'true frog', 'iguania', 'iguanidae', 'komodo dragon', 'crocodilia', 'open']",['tailed frog'],"['True toad', 'Eye', 'Frog', 'Toad', 'Organism', 'True frog', 'Anaxyrus', 'American Toad', 'Adaptation', 'Terrestrial animal']",['Frog']
https://live.staticflickr.com/65535/50071994347_968d28a7e8_c.jpg,True,"['animal', 'frog', 'reptile', 'lizard', 'outdoor', 'amphibian', 'snake', 'true frog', 'toad', 'crocodile', 'scaled reptile', 'true toad']","['tailed frog', 'bullfrog']","['Plant', 'Frog', 'True toad', 'True frog', 'Toad', 'Anaxyrus', 'Organism', 'Terrestrial plant', 'Fawn', 'Terrestrial animal']",['Frog']
https://live.staticflickr.com/65535/50054200241_e107200954_o.jpg,True,"['animal', 'reptile', 'amphibian', 'salamander', 'true frog', 'lizard', 'toad', 'frog', 'true toad']","['tailed frog', 'bullfrog']","['Plant', 'True frog', 'Terrestrial plant', 'Frog', 'Terrestrial animal', 'Amphibian', 'Toad', 'Macro photography', 'Bullfrog', 'Liquid']","['Frog', 'Insect']"
https://live.staticflickr.com/65535/50039286902_ccd7b4f352_o.jpg,True,"['grass', 'frog', 'reptile', 'outdoor', 'amphibian', 'lizard', 'animal', 'true frog', 'toad', 'green', 'true toad', 'snake', 'crocodile']","['bullfrog', 'tailed frog']","['Frog', 'True frog', 'Plant', 'Green', 'Toad', 'Fawn', 'Terrestrial animal', 'True toad', 'Reptile', 'Amphibian']",['Animal']
https://live.staticflickr.com/65535/50033297136_d0d2eb7bbf_o.jpg,True,"['animal', 'flower', 'salamander', 'plant', 'flora']",['African chameleon'],"['Flower', 'Plant', 'Botany', 'Nature', 'Leaf', 'Petal', 'Orange', 'Vegetation', 'Grass', 'Pollinator']","['Flower', 'Animal']"
https://live.staticflickr.com/65535/50026456416_70702b9c27_o.jpg,True,"['ground', 'animal', 'reptile', 'lizard', 'outdoor', 'crocodile', 'frog', 'scaled reptile', 'snake', 'turtle', 'tortoise', 'iguana', 'iguania', 'crocodilia', 'dirt', 'sandy']","['tailed frog', 'bullfrog']","['Frog', 'Eye', 'Vertebrate', 'Toad', 'Amphibian', 'Terrestrial animal', 'True frog', 'Landscape', 'Snout', 'Soil']",['Frog']
https://live.staticflickr.com/31337/50025035347_587f797457_o.jpg,False,"['plant', 'outdoor', 'rock', 'prickly pear', 'nopal', 'eastern prickly pear', 'barbary fig', 'caryophyllales', 'leaf']",['buckeye'],"['Plant', 'Eastern prickly pear', 'Fruit', 'Terrestrial plant', 'Groundcover', 'Flowering plant', 'Barbary fig', 'Annual plant', 'Produce', 'Prickly pear']",[]
https://live.staticflickr.com/65535/50021791793_b20a4b6883_c.jpg,True,"['grass', 'animal', 'outdoor', 'frog', 'reptile', 'true frog', 'amphibian', 'toad', 'true toad', 'lizard', 'anaxyrus', 'herpetology', 'texas toad', 'bullfrog', 'scaled reptile', 'wood']","['tailed frog', 'bullfrog']","['Head', 'Frog', 'True toad', 'True frog', 'Toad', 'Terrestrial animal', 'Amphibian', 'Grass', 'Anaxyrus', 'Texas Toad']","['Frog', 'Animal']"
https://live.staticflickr.com/65535/50018821913_68e6b34bab_o.jpg,True,"['reptile', 'animal', 'water', 'reef', 'turtle', 'black and white']","['tailed frog', 'tree frog']","['Flash photography', 'Grey', 'Water', 'Turtle', 'Space', 'Monochrome photography', 'Monochrome', 'Soil', 'Art', 'Wood']","['Frog', 'Animal']"
https://live.staticflickr.com/65535/49990583703_5eb9f0b2fb_c.jpg,True,"['bird', 'outdoor', 'ground', 'sitting', 'animal', 'black', 'wooden', 'oscine', 'perched', 'standing', 'raven', 'wood', 'branch', 'wildlife']","['jay', 'magpie']","['Bird', 'Wood', 'Beak', 'Raven', 'Feather', 'New caledonian crow', 'Trunk', 'American crow', 'raven', 'Fish Crow']",['Bird']
https://live.staticflickr.com/65535/49991106031_4116c7064b_c.jpg,True,"['bird', 'outdoor', 'wooden', 'animal', 'ground', 'oscine', 'black', 'raven', 'wildlife', 'perched', 'wood', 'crow', 'beak', 'feather']","['magpie', 'jay']","['Bird', 'Beak', 'Wood', 'Feather', 'Twig', 'Perching bird', 'Natural material', 'Crow-like bird', 'Crow', 'Balance']",['Bird']
https://live.staticflickr.com/65535/49978585446_4c73bf50ee_o.jpg,True,"['grass', 'reptile', 'animal', 'amphibian', 'true frog', 'toad', 'true toad', 'lizard', 'green', 'frog', 'crocodile', 'bullfrog', 'anaxyrus', 'scaled reptile', 'snake', 'poison dart frog', 'turtle']","['bullfrog', 'tailed frog']","['Head', 'Frog', 'Plant', 'Eye', 'True frog', 'Toad', 'True toad', 'Terrestrial plant', 'Terrestrial animal', 'Amphibian']",['Frog']
https://live.staticflickr.com/65535/49967799328_1f3557c73e_o.jpg,True,"['animal', 'frog', 'reptile', 'lizard', 'amphibian', 'snake', 'scaled reptile', 'crocodile', 'toad', 'true frog']",['tailed frog'],"['Head', 'Eye', 'Frog', 'True toad', 'True frog', 'Toad', 'Organism', 'Terrestrial animal', 'Adaptation', 'Anaxyrus']","['Frog', 'Animal']"
https://live.staticflickr.com/65535/49960893048_d28f57be4d_c.jpg,True,"['animal', 'reptile', 'amphibian', 'true frog', 'toad', 'true toad', 'lizard', 'frog', 'anaxyrus', 'bullfrog', 'scaled reptile', 'snake', 'crocodile']",['tailed frog'],"['Frog', 'True frog', 'Toad', 'Organism', 'Terrestrial animal', 'Amphibian', 'True toad', 'Liquid', 'Bufo', 'Terrestrial plant']",['Frog']
https://live.staticflickr.com/65535/49931761656_2431095892_c.jpg,True,"['animal', 'reptile', 'frog', 'amphibian', 'true frog', 'toad', 'true toad', 'close']",['tailed frog'],"['Frog', 'True frog', 'Toad', 'True toad', 'Organism', 'Terrestrial animal', 'Amphibian', 'Snout', 'Bullfrog', 'Anaxyrus']",['Animal']
https://live.staticflickr.com/65535/49931247858_6a5ed847c0_c.jpg,True,"['animal', 'reptile', 'amphibian', 'frog', 'true frog', 'turtle', 'toad', 'snake', 'tortoise', 'true toad', 'lizard', 'scaled reptile', 'close']","['bullfrog', 'tailed frog']","['Frog', 'Eye', 'True frog', 'True toad', 'Toad', 'Amphibian', 'Terrestrial animal', 'Snout', 'Bullfrog', 'Macro photography']",['Animal']
https://live.staticflickr.com/65535/49931246158_1601721e66_c.jpg,True,"['reptile', 'animal', 'outdoor', 'grass', 'frog', 'amphibian', 'lizard', 'true frog', 'toad', 'snake', 'true toad', 'scaled reptile', 'turtle', 'crocodile', 'tortoise', 'anaxyrus', 'bullfrog', 'crocodilia']",['tailed frog'],"['Frog', 'True frog', 'True toad', 'Toad', 'Plant', 'Anaxyrus', 'Grass', 'Terrestrial animal', 'Amphibian', 'Terrestrial plant']",['Frog']
https://live.staticflickr.com/65535/49931244318_ec5c16e2b9_c.jpg,True,"['animal', 'reptile', 'frog', 'amphibian', 'green', 'lizard', 'true frog', 'snake', 'toad', 'turtle', 'close']","['tailed frog', 'bullfrog']","['Hair', 'Head', 'Frog', 'Plant', 'True toad', 'Eye', 'True frog', 'Toad', 'Iris', 'Terrestrial animal']",['Frog']
https://live.staticflickr.com/65535/49922650992_d08337f042_o.jpg,True,"['grass', 'outdoor', 'animal', 'reptile', 'ground', 'lizard', 'frog', 'amphibian', 'snake', 'scaled reptile', 'true frog', 'toad', 'crocodile', 'iguania']","['tailed frog', 'bullfrog']","['True toad', 'Frog', 'True frog', 'Plant', 'Toad', 'Grass', 'Reptile', 'Amphibian', 'Terrestrial animal', 'Bullfrog']",['Frog']
https://live.staticflickr.com/65535/49906798762_57e60beb85_o.jpg,True,"['animal', 'reptile', 'outdoor', 'lizard', 'frog', 'crocodile', 'scaled reptile', 'amphibian', 'crocodilia', 'alligator', 'snake', 'american alligator', 'iguania', 'nile crocodile', 'saltwater crocodile', 'toad', 'komodo dragon', 'turtle', 'true frog', 'true toad', 'tortoise', 'iguanidae', 'american crocodile', 'iguana', 'monitor lizard', 'varanidae', 'marine iguana']","['tailed frog', 'bullfrog']","['Frog', 'True frog', 'Toad', 'Wood', 'Road surface', 'Amphibian', 'Terrestrial animal', 'Asphalt', 'Grass', 'Reptile']",['Frog']
https://live.staticflickr.com/65535/49900956616_d613b9cfd7_o.jpg,False,"['outdoor', 'sky', 'mountain', 'plant', 'landscape', 'nature', 'tree', 'plant community', 'green', 'cloud', 'vegetation', 'lush', 'hillside']",['cliff'],"['Cloud', 'Sky', 'Plant', 'Terrestrial plant', 'Mountain', 'Vegetation', 'Natural landscape', 'Landscape', 'Shrub', 'Forest']",[]
https://live.staticflickr.com/65535/49897188528_e3bf84d0e2_o.png,False,"['text', 'map', 'screenshot', 'world', 'poster', 'blue']",[],"['World', 'Map', 'Globe', 'Astronomical object', 'Font', 'Electric blue', 'Space', 'Planet', 'Geology', 'Circle']","['Animal', 'Lighting']"
https://live.staticflickr.com/65535/49881134027_73681f44b2_o.jpg,False,"['wall', 'indoor', 'lego', 'robot', 'machine', 'toy', 'clothes']",['sewing machine'],"['Toy', 'Font', 'Machine', 'Plastic', 'Design', 'Lego', 'Mecha', 'Composite material', 'Engineering', 'Robot']",['Toy']
https://live.staticflickr.com/65535/49871329071_4a20847666_o.jpg,False,"['cartoon', 'LEGO', 'lego', 'toy', 'robot', 'weapon', 'sketch', 'machine', 'mecha', 'scale model']",['cannon'],"['Toy', 'Machine', 'Font', 'Auto part', 'Metal', 'Robot', 'Fictional character', 'Action figure', 'Circle', 'Mecha']",['Toy']
https://live.staticflickr.com/65535/49871640262_52052ebd2e_o.jpg,False,"['LEGO', 'toy', 'lego', 'robot', 'weapon', 'machine', 'auto part']",['dumbbell'],"['Toy', 'Wheel', 'Machine', 'Font', 'Lego', 'Art', 'Fictional character', 'Action figure', 'Robot', 'Plastic']",['Toy']
https://live.staticflickr.com/65535/49870800848_fa35af562c_o.jpg,False,"['LEGO', 'toy', 'lego', 'weapon', 'robot']",[],"['Toy', 'Font', 'Machine', 'Plastic', 'Event', 'Fictional character', 'Lego', 'Art', 'Action figure', 'Figurine']",['Toy']
https://live.staticflickr.com/65535/49871329031_6e17f0dcf4_o.jpg,False,"['LEGO', 'toy', 'outdoor', 'weapon', 'lego', 'robot', 'auto part', 'hill', 'slope']","['cannon', 'disk brake']","['Toy', 'Lego', 'Font', 'Auto part', 'Electric blue', 'Machine', 'Wheel', 'Plastic', 'Composite material']",['Toy']
https://live.staticflickr.com/65535/49871328971_08b7bd30f6_o.jpg,False,"['LEGO', 'toy', 'snow', 'skiing', 'outdoor', 'slope', 'hill', 'lego', 'clothes']",['ski'],"['Toy', 'Font', 'Machine', 'Lego', 'Fictional character', 'Electric blue', 'Plastic', 'Wheel', 'Toy vehicle', 'Engineering']",['Toy']
https://live.staticflickr.com/65535/49871329016_cc7cfa61c9_o.jpg,False,"['LEGO', 'toy', 'snow', 'snowboarding', 'lego', 'robot']","['dumbbell', 'barbell']","['Product', 'Toy', 'Lego', 'Machine', 'Font', 'Fictional character', 'Action figure', 'Robot', 'Electric blue', 'Figurine']",['Toy']
https://live.staticflickr.com/65535/49870800753_7e31b7b58c_o.jpg,False,"['LEGO', 'toy', 'sky', 'cartoon', 'lego', 'robot']",['oxygen mask'],"['Toy', 'Product', 'Mecha', 'Machine', 'Lego', 'Font', 'Fictional character', 'Robot', 'Carmine', 'Action figure']",['Toy']
https://live.staticflickr.com/65535/49868214426_1dc5e0388b_o.jpg,False,"['sky', 'outdoor', 'road', 'land vehicle', 'car', 'wheel', 'transport', 'parked', 'truck', 'street', 'auto part', 'tire', 'van', 'light commercial vehicle', 'vehicle', 'curb']","['minivan', 'minibus']","['Wheel', 'Tire', 'Sky', 'Automotive parking light', 'Vehicle', 'Vehicle registration plate', 'Car', 'Motor vehicle', 'Van', 'Automotive design']","['Wheel', 'Van', 'Person']"
https://live.staticflickr.com/65535/49864086261_2f4f75110b_o.jpg,True,"['animal', 'frog', 'reptile', 'outdoor', 'lizard', 'snake', 'crocodile', 'plant', 'scaled reptile', 'amphibian', 'crocodilia', 'toad', 'iguania', 'nile crocodile', 'alligator', 'american alligator', 'saltwater crocodile', 'komodo dragon', 'true toad', 'iguanidae', 'true frog', 'dirt']","['tailed frog', 'bullfrog']","['True toad', 'Eye', 'True frog', 'Frog', 'Plant', 'Anaxyrus', 'Toad', 'Organism', 'American Toad', 'Grass']",['Frog']
https://live.staticflickr.com/65535/49849115936_601e6bf3f5_c.jpg,True,"['agave', 'plant', 'green', 'fresh']","['banana', 'pineapple']","['Plant', 'Flowerpot', 'Leaf', 'Houseplant', 'Terrestrial plant', 'Tints and shades', 'Flowering plant', 'Perennial plant', 'Soil', 'Grass']",[]
https://live.staticflickr.com/65535/49819862453_15e79576d9_c.jpg,True,"['frog', 'animal', 'reptile', 'outdoor', 'rock', 'lizard', 'amphibian', 'true frog', 'toad', 'snake', 'true toad', 'scaled reptile']",['tailed frog'],"['Head', 'Frog', 'Eye', 'True frog', 'Toad', 'Organism', 'True toad', 'Amphibian', 'Terrestrial animal', 'Bullfrog']",['Frog']
https://live.staticflickr.com/65535/49815746086_b158a8bd4b_o.jpg,True,"['ground', 'outdoor', 'rock', 'animal', 'reptile', 'plant', 'stone']",['bullfrog'],"['Leaf', 'Botany', 'Plant', 'Organism', 'Grass', 'Vegetation', 'Wood', 'Watercourse', 'Terrestrial plant', 'Natural landscape']",['Frog']
https://live.staticflickr.com/65535/49791618801_afd6ea6342_o.jpg,True,"['food', 'close']",[],"['Liquid', 'Fluid', 'Aqua', 'Gas', 'Electric blue', 'Bathroom', 'Close-up', 'Metal', 'Drink', 'Auto part']","['Packaged goods', 'Food']"
https://live.staticflickr.com/65535/49790976908_40ba50a08f_c.jpg,False,"['ground', 'animal', 'reptile', 'outdoor', 'lizard']",['frilled lizard'],"['Leaf', 'Wood', 'Road surface', 'Asphalt', 'Sculpture', 'Trunk', 'Art', 'Terrestrial animal', 'Brick', 'Wheel']",['Lizard']
https://live.staticflickr.com/65535/49787237332_252f4c9d2e_c.jpg,True,"['ground', 'reptile', 'animal', 'outdoor', 'frog', 'lizard', 'rock', 'amphibian', 'snake', 'scaled reptile', 'crocodile', 'toad', 'true toad', 'true frog', 'iguania', 'turtle', 'herpetology', 'crocodilia', 'anaxyrus', 'tortoise', 'terrestrial animal', 'komodo dragon', 'nile crocodile', 'alligator', 'iguanidae', 'saltwater crocodile', 'american alligator', 'wood']",['tailed frog'],"['True toad', 'Frog', 'Anaxyrus', 'True frog', 'Toad', 'Organism', 'Terrestrial animal', 'Bullfrog', 'Amphibian', 'Texas Toad']","['Frog', 'Animal']"
https://live.staticflickr.com/65535/49773644472_6bee9e445b_o.jpg,False,"['bird', 'outdoor', 'grass', 'animal', 'standing', 'gray']",['jay'],"['Plant', 'Bird', 'Blue jay', 'Beak', 'Grass', 'Feather', 'Songbird', 'Jay', 'Terrestrial plant', 'Tail']",['Blue jay']
https://live.staticflickr.com/65535/49772830662_9395f893d9_c.jpg,False,"['insect', 'invertebrate', 'outdoor', 'animal', 'butterfly', 'arthropod', 'pest', 'pollinator', 'moths and butterflies', 'bee']",['bee'],"['Pollinator', 'Arthropod', 'Insect', 'Pest', 'Parasite', 'Macro photography', 'Terrestrial animal', 'Membrane-winged insect', 'Megachilidae', 'Invertebrate']",['Bee']
https://live.staticflickr.com/65535/49772406281_b25a5dd409_o.jpg,True,"['ground', 'outdoor', 'animal', 'rock', 'frog', 'rocky', 'dirt', 'sandy']",['bullfrog'],"['Frog', 'True frog', 'Toad', 'True toad', 'Mammal', 'Amphibian', 'Scaled reptile', 'Terrestrial animal', 'Wood', 'Anaxyrus']",['Frog']
https://live.staticflickr.com/65535/49771872578_97530f6eef_o.jpg,True,"['ground', 'animal', 'frog', 'outdoor', 'reptile', 'lizard', 'amphibian', 'toad', 'true toad', 'true frog', 'snake', 'scaled reptile', 'anaxyrus', 'texas toad', 'wood']","['tailed frog', 'bullfrog']","['True toad', 'True frog', 'Anaxyrus', 'Frog', 'Toad', 'Texas Toad', 'American Toad', 'Terrestrial animal', 'Grass', 'Amphibian']",['Frog']
https://live.staticflickr.com/65535/49763111926_7e2c2b9b33_o.jpg,True,"['animal', 'ground', 'reptile', 'lizard', 'frog', 'amphibian', 'toad', 'true frog', 'true toad', 'snake', 'close']",['tailed frog'],"['Eye', 'Frog', 'True frog', 'Toad', 'True toad', 'Terrestrial animal', 'Amphibian', 'Snout', 'Close-up', 'Bullfrog']",['Frog']
https://live.staticflickr.com/65535/49758535437_d5a8aed7ff_c.jpg,True,"['reptile', 'animal', 'frog', 'lizard', 'amphibian', 'true frog', 'scaled reptile', 'green', 'toad', 'crocodile', 'snake', 'true toad', 'plant', 'iguania']",['tailed frog'],"['Head', 'Frog', 'Eye', 'Plant', 'True frog', 'True toad', 'Toad', 'Amphibian', 'Grass', 'Terrestrial animal']",['Frog']
https://live.staticflickr.com/65535/49758534262_db73200f0a_c.jpg,True,"['frog', 'reptile', 'animal', 'lizard', 'amphibian', 'true frog', 'toad', 'true toad', 'scaled reptile', 'iguania', 'plant']","['tailed frog', 'bullfrog']","['Frog', 'Plant', 'True frog', 'Toad', 'Terrestrial plant', 'True toad', 'Terrestrial animal', 'Grass', 'Amphibian', 'Bullfrog']",['Frog']
https://live.staticflickr.com/65535/49757674753_a412c7a44a_c.jpg,True,"['frog', 'animal', 'reptile', 'plant', 'amphibian', 'true frog', 'toad', 'lizard', 'true toad']","['tailed frog', 'tree frog', 'bullfrog']","['Plant', 'Frog', 'Eye', 'True frog', 'Toad', 'True toad', 'Organism', 'Terrestrial plant', 'Terrestrial animal', 'Amphibian']",['Frog']
https://live.staticflickr.com/65535/49758532572_0ca25aed7c_c.jpg,True,"['animal', 'frog', 'reptile', 'amphibian', 'true frog', 'lizard', 'green', 'toad', 'true toad', 'scaled reptile', 'crocodile', 'snake', 'plant', 'close']","['tailed frog', 'bullfrog']","['Plant', 'Frog', 'True frog', 'Toad', 'Terrestrial plant', 'True toad', 'Terrestrial animal', 'Amphibian', 'Grass', 'Close-up']",['Frog']
https://live.staticflickr.com/65535/49757673148_ddfc08f4d9_c.jpg,True,"['frog', 'animal', 'reptile', 'amphibian', 'true frog', 'toad', 'lizard', 'true toad']","['tailed frog', 'tree frog']","['Plant', 'Eye', 'Frog', 'True frog', 'Nature', 'Toad', 'Organism', 'Terrestrial plant', 'Terrestrial animal', 'Amphibian']",['Frog']
https://live.staticflickr.com/65535/49757672238_24b996c4fb_c.jpg,True,"['frog', 'animal', 'amphibian', 'true frog', 'reptile', 'toad', 'lizard', 'true toad', 'plant', 'close']","['bullfrog', 'tailed frog']","['Plant', 'Frog', 'True frog', 'Toad', 'Organism', 'Terrestrial plant', 'Grass', 'Terrestrial animal', 'True toad', 'Amphibian']",['Frog']
https://live.staticflickr.com/65535/49758529977_0ea5f62ef7_c.jpg,True,"['frog', 'reptile', 'animal', 'lizard', 'outdoor', 'amphibian', 'true frog', 'toad', 'scaled reptile', 'true toad', 'snake', 'crocodile', 'plant', 'anaxyrus']","['tailed frog', 'bullfrog']","['True toad', 'True frog', 'Frog', 'Plant', 'Terrestrial animal', 'Toad', 'Grass', 'Terrestrial plant', 'Amphibian', 'Anaxyrus']",['Frog']
https://live.staticflickr.com/65535/49758197416_1615163049_c.jpg,True,"['animal', 'frog', 'reptile', 'lizard', 'plant', 'green', 'amphibian']","['tailed frog', 'bullfrog']","['Frog', 'True frog', 'Toad', 'Organism', 'Terrestrial animal', 'Amphibian', 'True toad', 'Grass', 'Wildlife', 'Terrestrial plant']",['Frog']
https://live.staticflickr.com/65535/49758196191_83ccdee44e_c.jpg,True,"['animal', 'frog', 'reptile', 'green', 'turtle', 'tortoise', 'lizard', 'plant', 'leaf', 'amphibian']","['tailed frog', 'bullfrog']","['Head', 'Frog', 'Eye', 'Toad', 'True frog', 'Plant', 'Organism', 'Terrestrial animal', 'Amphibian', 'Snout']",['Frog']
https://live.staticflickr.com/65535/49749023037_da77deb4cb_o.jpg,False,"['ground', 'animal', 'outdoor', 'snake', 'lizard', 'reptile', 'scaled reptile', 'dirt']","['Indian cobra', 'diamondback', 'night snake']","['Reptile', 'Scaled reptile', 'Snake', 'Terrestrial animal', 'Serpent', 'Mamba', 'Tail', 'Landscape', 'Wildlife', 'Soil']",['Snake']
https://live.staticflickr.com/65535/49743035676_cc74395998_o.jpg,True,"['animal', 'ground', 'frog', 'reptile', 'lizard', 'amphibian', 'toad', 'true toad', 'snake', 'true frog', 'terrestrial animal', 'open', 'close']",['tailed frog'],"['Head', 'Frog', 'True toad', 'Eye', 'Anaxyrus', 'True frog', 'Toad', 'Organism', 'American Toad', 'Texas Toad']",['Frog']
https://live.staticflickr.com/65535/49742305153_19422319f9_c.jpg,True,"['outdoor', 'reptile', 'animal', 'lizard', 'snake', 'amphibian', 'plant', 'crocodile', 'scaled reptile', 'true frog', 'frog', 'wood', 'forest']","['tailed frog', 'bullfrog']","['True frog', 'Frog', 'Grass', 'Toad', 'Terrestrial animal', 'Terrestrial plant', 'Amphibian', 'True toad', 'Plant', 'Soil']","['Frog', 'Animal']"
https://live.staticflickr.com/65535/49738296501_2ab1995b83_c.jpg,True,"['frog', 'animal', 'ground', 'reptile', 'outdoor', 'amphibian', 'lizard', 'toad', 'true frog', 'snake', 'true toad', 'anaxyrus', 'scaled reptile']","['tailed frog', 'bullfrog']","['Frog', 'True frog', 'Toad', 'Organism', 'True toad', 'Terrestrial animal', 'Amphibian', 'Bullfrog', 'Anaxyrus', 'Bufo']",['Frog']
https://live.staticflickr.com/65535/49737725263_6cc01b6c4b_c.jpg,True,"['ground', 'frog', 'animal', 'rock', 'reptile', 'outdoor', 'lizard', 'amphibian', 'toad', 'true frog', 'true toad', 'rocky', 'scaled reptile', 'turtle', 'snake', 'tortoise', 'anaxyrus', 'stone']",['tailed frog'],"['Head', 'Eye', 'Frog', 'True frog', 'True toad', 'Toad', 'Organism', 'Terrestrial animal', 'Amphibian', 'Texas Toad']",['Frog']
https://live.staticflickr.com/65535/49737407923_cc078ac523_o.jpg,False,"['animal', 'reptile', 'green', 'snake', 'plant']",['night snake'],"['Reptile', 'Snake', 'Organism', 'Terrestrial plant', 'Scaled reptile', 'Adaptation', 'Serpent', 'Terrestrial animal', 'Grass', 'Python']",['Snake']
https://live.staticflickr.com/65535/49723863988_e1eac5dc55_c.jpg,True,"['tree', 'reptile', 'outdoor', 'plant', 'animal', 'lizard', 'crocodile', 'frog', 'snake', 'turtle', 'crocodilia', 'scaled reptile', 'alligator', 'american alligator', 'nile crocodile', 'saltwater crocodile', 'tortoise', 'american crocodile', 'amphibian', 'terrestrial animal', 'komodo dragon', 'iguania', 'sea turtle', 'bushes']","['bullfrog', 'tailed frog']","['Plant', 'Reptile', 'True toad', 'Frog', 'Crocodilia', 'Terrestrial plant', 'Toad', 'Scaled reptile', 'Terrestrial animal', 'Grass']",['Frog']
https://live.staticflickr.com/65535/49717528432_f35cd33079_o.jpg,True,"['tree', 'animal', 'frog', 'outdoor', 'plant', 'green', 'reptile', 'leaf', 'lizard']","['tailed frog', 'tree frog']","['Frog', 'Eye', 'Plant', 'True toad', 'True frog', 'Nature', 'Toad', 'Organism', 'Terrestrial animal', 'Amphibian']",['Frog']
https://live.staticflickr.com/65535/49713895002_220e4fbfb4_o.jpg,True,"['animal', 'reptile', 'frog', 'lizard', 'crocodile', 'amphibian', 'scaled reptile', 'true frog', 'toad', 'snake', 'crocodilia', 'true toad', 'nile crocodile', 'iguania', 'alligator', 'american alligator', 'saltwater crocodile', 'iguanidae', 'american crocodile', 'iguana']",['tailed frog'],"['Head', 'Frog', 'True toad', 'Toad', 'True frog', 'Terrestrial animal', 'Amphibian', 'Snout', 'Sculpture', 'Bufo']",['Frog']
https://live.staticflickr.com/65535/49706635343_191fb07670_c.jpg,True,"['animal', 'reptile', 'frog', 'lizard', 'amphibian', 'rock', 'toad', 'true toad', 'scaled reptile', 'snake', 'crocodile', 'true frog', 'herpetology', 'anaxyrus', 'crocodilia', 'nile crocodile', 'turtle', 'alligator', 'saltwater crocodile', 'terrestrial animal', 'texas toad', 'american alligator', 'tortoise', 'iguania', 'komodo dragon', 'gecko', 'american crocodile']",['tailed frog'],"['Head', 'Frog', 'Eye', 'True toad', 'True frog', 'Toad', 'Anaxyrus', 'Organism', 'Amphibian', 'Terrestrial animal']",['Frog']
https://live.staticflickr.com/65535/49706031287_ec706ae15a_o.jpg,False,"['green', 'animal', 'reptile', 'snake', 'frog', 'plant']",['tree frog'],"['Plant', 'Leaf', 'Reptile', 'Terrestrial plant', 'Organism', 'Scaled reptile', 'Lizard', 'Terrestrial animal', 'Grass', 'Amphibian']","['Frog', 'Animal']"
https://live.staticflickr.com/65535/49681476012_394e4dbdcc_c.jpg,True,"['reptile', 'frog', 'animal', 'outdoor', 'rock', 'lizard', 'crocodile', 'amphibian', 'scaled reptile', 'snake', 'turtle', 'tortoise', 'true frog', 'crocodilia', 'toad', 'american alligator', 'alligator', 'iguania', 'nile crocodile', 'saltwater crocodile', 'true toad', 'komodo dragon']","['tailed frog', 'bullfrog']","['True toad', 'Anaxyrus', 'True frog', 'Frog', 'Toad', 'Terrestrial animal', 'Snout', 'Bullfrog', 'Amphibian', 'Terrestrial plant']",['Frog']
https://live.staticflickr.com/65535/49672810386_b3b5abae86_c.jpg,True,"['animal', 'frog', 'reptile', 'invertebrate', 'amphibian', 'lizard', 'insect', 'arthropod', 'true frog']",['tailed frog'],"['Arthropod', 'Vertebrate', 'Frog', 'Insect', 'Organism', 'Toad', 'Amphibian', 'Terrestrial animal', 'Pest', 'Snout']",['Frog']
https://live.staticflickr.com/65535/49654786853_8913520a0b_o.jpg,True,"['animal', 'ground', 'frog', 'reptile', 'lizard', 'amphibian', 'true frog', 'toad', 'true toad']","['tailed frog', 'bullfrog']","['Frog', 'Toad', 'Organism', 'True toad', 'Terrestrial animal', 'True frog', 'Reptile', 'Amphibian', 'Snout', 'Anaxyrus']",['Frog']
https://live.staticflickr.com/65535/49652687082_dcd3d1aa2a_c.jpg,True,"['grass', 'outdoor', 'animal', 'reptile', 'frog', 'amphibian', 'lizard', 'true frog', 'toad', 'true toad', 'scaled reptile']","['tailed frog', 'bullfrog']","['Frog', 'Plant', 'True toad', 'Eye', 'True frog', 'Toad', 'Grass', 'Terrestrial plant', 'Amphibian', 'Terrestrial animal']",['Frog']
https://live.staticflickr.com/65535/49631542376_57d7382835_c.jpg,True,"['animal', 'frog', 'reptile', 'ground', 'turtle', 'reef', 'snake', 'tortoise', 'lizard', 'crocodile', 'sea turtle', 'fish', 'scaled reptile']","['tailed frog', 'bullfrog']","['Terrestrial animal', 'Frog', 'Toad', 'Wildlife', 'Amphibian', 'Bufo', 'Landscape', 'True frog', 'True toad']",['Frog']
https://live.staticflickr.com/65535/49628499527_aba47da359_o.jpg,True,"['cave', 'rock', 'nature']",['earthstar'],"['Bedrock', 'Soil', 'Rock', 'Plant', 'Erosion', 'Darkness', 'Cave', 'Still life photography']",['Animal']
https://live.staticflickr.com/65535/49580335567_a898e812b5_c.jpg,True,"['ground', 'animal', 'frog', 'invertebrate', 'insect', 'close', 'dirt']","['tailed frog', 'trilobite']","['Brown', 'Insect', 'Arthropod', 'Terrestrial animal', 'Invertebrate', 'Soil', 'Moth', 'Wildlife', 'Shadow', 'Eastern Tent Caterpillar']","['Frog', 'Animal']"
https://live.staticflickr.com/65535/49579608133_f76d54ff0b_c.jpg,True,"['ground', 'animal', 'frog', 'reptile', 'amphibian', 'true frog', 'toad', 'true toad', 'lizard', 'dirt', 'close']",['tailed frog'],"['Frog', 'Eye', 'True frog', 'Toad', 'Terrestrial animal', 'Amphibian', 'Landscape', 'Soil', 'Reptile', 'Bufo']",['Frog']
https://live.staticflickr.com/65535/49580108656_9605a5bb0b_c.jpg,True,"['ground', 'animal', 'reptile', 'amphibian', 'lizard', 'true frog', 'toad', 'true toad', 'snake', 'desert', 'turtle', 'scaled reptile', 'chocolate', 'dessert', 'frog', 'close', 'dirt']","['tailed frog', 'common newt']","['Frog', 'Eye', 'Organism', 'True frog', 'Toad', 'Terrestrial animal', 'Amphibian', 'Soil', 'Wildlife', 'Bufo']",['Frog']
https://live.staticflickr.com/65535/49579607988_be19a3ae52_c.jpg,True,"['ground', 'animal', 'reptile', 'outdoor', 'lizard', 'frog', 'amphibian', 'true toad', 'toad', 'true frog', 'scaled reptile', 'crocodile', 'dirt', 'close']","['tailed frog', 'bullfrog']","['Frog', 'Vertebrate', 'True frog', 'Mammal', 'True toad', 'Terrestrial animal', 'Toad', 'Landscape', 'Amphibian', 'Snout']",['Frog']
https://live.staticflickr.com/65535/49580108531_b0f61149ed_c.jpg,True,"['animal', 'ground', 'reptile', 'amphibian', 'lizard', 'chocolate', 'true frog', 'toad', 'true toad', 'frog', 'dessert', 'close']",['tailed frog'],"['True toad', 'True frog', 'Frog', 'Toad', 'Terrestrial animal', 'Amphibian', 'Landscape', 'Bullfrog', 'Anaxyrus', 'Soil']",['Frog']
https://live.staticflickr.com/65535/49580108496_e13e215a6b_c.jpg,True,"['ground', 'animal', 'reptile', 'lizard', 'frog', 'amphibian', 'true frog', 'toad', 'true toad', 'scaled reptile', 'chocolate', 'crocodile', 'dirt', 'dessert', 'close', 'base']",['tailed frog'],"['Frog', 'Vertebrate', 'True toad', 'True frog', 'Toad', 'Terrestrial animal', 'Amphibian', 'Landscape', 'Anaxyrus', 'Bullfrog']",['Frog']
https://live.staticflickr.com/65535/49580108406_cb65a1ba6a_c.jpg,True,"['reptile', 'animal', 'lizard', 'amphibian', 'frog', 'crocodile', 'scaled reptile', 'snake', 'turtle', 'close']",['tailed frog'],"['Reptile', 'Iguania', 'Toad', 'Lizard', 'True toad', 'Scaled reptile', 'Terrestrial animal', 'Wood', 'Amphibian', 'Snout']",['Animal']
https://live.staticflickr.com/65535/49578782216_99bf6424c5_c.jpg,True,"['animal', 'ground', 'frog', 'lizard', 'reptile', 'amphibian', 'toad', 'true frog', 'true toad']",['tailed frog'],"['True toad', 'Vertebrate', 'True frog', 'Organism', 'Frog', 'Toad', 'Terrestrial animal', 'Anaxyrus', 'Close-up', 'Amphibian']",['Frog']
https://live.staticflickr.com/65535/49578274613_9a8e46108f_c.jpg,True,"['animal', 'reptile', 'turtle', 'tortoise', 'amphibian', 'lizard', 'frog', 'sea turtle', 'snake', 'true frog', 'crocodile', 'scaled reptile', 'toad', 'true toad', 'crocodilia']","['tailed frog', 'bullfrog']","['Nature', 'Reptile', 'Organism', 'Terrestrial animal', 'True frog', 'Frog', 'Amphibian', 'Snout', 'Toad', 'Close-up']","['Frog', 'Animal']"
https://live.staticflickr.com/65535/49570357047_a900f2b580_o.jpg,True,"['grass', 'outdoor', 'animal', 'standing', 'field', 'green', 'frog', 'butterfly']","['tailed frog', 'bullfrog']","['Plant', 'Grass', 'Insect', 'Butterfly', 'Terrestrial animal', 'Grass family', 'Grassland', 'Pollinator', 'True toad', 'Southern Leopard Frog']","['Moths and butterflies', 'Animal']"
https://live.staticflickr.com/65535/49568115116_7bed022ab8_o.png,True,"['animal', 'reptile', 'lizard', 'snake', 'cave', 'turtle', 'frog', 'amphibian', 'crocodile', 'aquarium', 'tortoise', 'scaled reptile', 'true frog']",['tailed frog'],"['Frog', 'Reptile', 'True frog', 'Amphibian', 'Terrestrial animal', 'Terrestrial plant', 'Event', 'Wildlife', 'Darkness', 'Painting']","['Frog', 'Animal']"
https://live.staticflickr.com/65535/49568240107_7fa83d89d2_o.jpg,True,"['animal', 'reptile', 'frog', 'snake', 'lizard', 'amphibian', 'turtle', 'tortoise']","['bullfrog', 'tailed frog']","['Frog', 'Plant', 'True frog', 'True toad', 'Toad', 'Organism', 'Terrestrial plant', 'Terrestrial animal', 'Amphibian', 'Adaptation']","['Frog', 'Animal']"
https://live.staticflickr.com/65535/49567376203_18a811881a_o.jpg,True,"['cave', 'rock', 'nature']",['earthstar'],"['Bedrock', 'Soil', 'Rock', 'Plant', 'Erosion', 'Darkness', 'Cave', 'Still life photography']",['Animal']
https://live.staticflickr.com/65535/49562921972_d0dafd7264_o.jpg,True,"['animal', 'reptile', 'frog', 'snake', 'lizard', 'turtle', 'amphibian', 'tortoise']","['tailed frog', 'bullfrog']","['Frog', 'Plant', 'True frog', 'True toad', 'Toad', 'Organism', 'Terrestrial plant', 'Amphibian', 'Terrestrial animal', 'Adaptation']","['Frog', 'Animal']"
https://live.staticflickr.com/65535/49554557673_9f2deb1607_o.jpg,True,"['animal', 'reptile', 'lizard', 'snake', 'crocodile', 'amphibian', 'turtle', 'frog', 'scaled reptile', 'true frog', 'tortoise', 'crocodilia', 'aquarium', 'toad', 'alligator', 'fish', 'american alligator']","['tailed frog', 'bullfrog']","['Frog', 'Plant', 'True frog', 'Terrestrial plant', 'Terrestrial animal', 'Amphibian', 'Toad', 'True toad', 'Electric blue', 'Rock']","['Frog', 'Animal']"
https://live.staticflickr.com/65535/49555258032_412d6c708f_o.png,True,"['reptile', 'animal', 'lizard', 'text', 'snake', 'frog', 'amphibian', 'crocodile', 'scaled reptile', 'turtle', 'true frog', 'tortoise', 'toad']","['tailed frog', 'bullfrog']","['Frog', 'True frog', 'Terrestrial plant', 'Plant', 'Toad', 'Terrestrial animal', 'Amphibian', 'Painting', 'Wildlife', 'Soil']","['Frog', 'Animal']"
https://live.staticflickr.com/65535/49552738946_92135fd82e_c.jpg,True,"['ground', 'animal', 'reptile', 'frog', 'lizard', 'outdoor', 'amphibian', 'toad', 'true frog', 'crocodile', 'true toad', 'turtle', 'tortoise', 'scaled reptile', 'snake', 'anaxyrus', 'crocodilia', 'alligator', 'herpetology', 'saltwater crocodile', 'american alligator', 'nile crocodile', 'bullfrog', 'texas toad', 'iguania', 'sea turtle', 'komodo dragon', 'american crocodile', 'open']",['tailed frog'],"['True toad', 'True frog', 'Frog', 'Organism', 'Toad', 'Terrestrial animal', 'Anaxyrus', 'Amphibian', 'Texas Toad', 'Bullfrog']",['Frog']
https://live.staticflickr.com/65535/49548204178_ec5008a0c9_o.jpg,True,"['grass', 'outdoor', 'animal', 'frog', 'true frog', 'amphibian', 'toad', 'true toad', 'reptile', 'field', 'anaxyrus', 'texas toad', 'lizard']",['tailed frog'],"['Head', 'Frog', 'Eye', 'Plant', 'True frog', 'Toad', 'True toad', 'Grass', 'Terrestrial animal', 'Amphibian']",['Frog']
https://live.staticflickr.com/65535/49548931712_6c3158991e_o.jpg,True,"['outdoor', 'grass', 'reptile', 'animal', 'frog', 'crocodile', 'turtle', 'lizard', 'amphibian', 'tortoise', 'snake', 'crocodilia', 'true frog', 'plant', 'toad', 'scaled reptile', 'alligator', 'american alligator', 'sea turtle']",['tailed frog'],"['True toad', 'Frog', 'Eye', 'True frog', 'Plant', 'Toad', 'Organism', 'Grass', 'Liquid', 'Terrestrial animal']",['Frog']
https://live.staticflickr.com/65535/49543193188_7633884fc8_o.jpg,True,"['animal', 'reptile', 'frog', 'outdoor', 'lizard', 'snake', 'amphibian', 'toad', 'true frog', 'crocodile', 'plant', 'turtle', 'true toad', 'leaf']",['tailed frog'],"['Reptile', 'Organism', 'Terrestrial plant', 'Terrestrial animal', 'Grass', 'Adaptation', 'Turtle', 'Amphibian', 'Toad', 'Tortoise']",['Frog']
https://live.staticflickr.com/65535/49541506616_bd91fe2483_c.jpg,True,"['reptile', 'animal', 'turtle', 'tortoise', 'lizard', 'frog', 'sea turtle', 'amphibian', 'rock', 'snake', 'true frog', 'scaled reptile', 'toad', 'crocodile', 'true toad', 'anaxyrus', 'pond turtle', 'crocodilia', 'herpetology', 'box turtle', 'alligator', 'american alligator', 'saltwater crocodile', 'iguania', 'close']","['tailed frog', 'bullfrog']","['Head', 'Eye', 'Reptile', 'Scaled reptile', 'Organism', 'Toad', 'Amphibian', 'Terrestrial animal', 'Adaptation', 'Snout']",['Frog']
https://live.staticflickr.com/65535/49541726432_65aa2e1488_c.jpg,True,"['animal', 'reptile', 'ground', 'rock', 'outdoor', 'frog', 'lizard', 'amphibian', 'true frog', 'toad', 'snake', 'true toad', 'scaled reptile', 'anaxyrus', 'crocodile', 'turtle', 'tortoise', 'dirty']",['tailed frog'],"['Eye', 'Frog', 'Reptile', 'True frog', 'Toad', 'True toad', 'Organism', 'Amphibian', 'Terrestrial animal', 'Adaptation']",['Frog']
https://live.staticflickr.com/65535/49537554551_a95908a715_o.jpg,True,"['grass', 'animal', 'outdoor', 'ground', 'reptile', 'lizard', 'amphibian', 'toad', 'true frog', 'snake', 'scaled reptile', 'salamander', 'true toad', 'black', 'frog']",['tailed frog'],"['Frog', 'True toad', 'Eye', 'True frog', 'Toad', 'Amphibian', 'Terrestrial animal', 'Grass', 'Plant', 'Bullfrog']",['Frog']
https://live.staticflickr.com/65535/49536474748_205f860cd4_o.jpg,True,"['grass', 'animal', 'frog', 'outdoor', 'reptile', 'amphibian', 'lizard', 'true frog', 'toad', 'true toad']","['tailed frog', 'bullfrog']","['Frog', 'Eye', 'Toad', 'Plant', 'True frog', 'Grass', 'Terrestrial animal', 'Amphibian', 'Snout', 'Terrestrial plant']",['Frog']
https://live.staticflickr.com/65535/49531523347_ec63105b71_o.jpg,True,"['animal', 'abstract', 'art', 'drawing', 'painting', 'cartoon', 'lizard', 'frog']","['tree frog', 'tailed frog']","['Frog', 'Organism', 'Road surface', 'Toad', 'Reptile', 'Terrestrial animal', 'Terrestrial plant', 'Scaled reptile', 'Wall lizard', 'Asphalt']",['Frog']
https://live.staticflickr.com/65535/49527700206_d4037d0a27_o.jpg,False,"['animal', 'reptile', 'snake', 'lizard', 'scaled reptile', 'crocodile', 'serpent', 'turtle']","['night snake', 'garter snake']","['Head', 'Eye', 'Snake', 'Reptile', 'Scaled reptile', 'Terrestrial animal', 'Close-up', 'Wildlife', 'Mamba', 'Elapidae']",['Snake']
https://live.staticflickr.com/65535/49527593421_4bb301b753_o.jpg,False,"['ground', 'animal', 'reptile', 'outdoor', 'lizard', 'snake', 'frog', 'amphibian']","['green lizard', 'American chameleon']","['Road surface', 'Asphalt', 'Beak', 'Twig', 'Wood', 'Grass', 'Sidewalk', 'Plant', 'Terrestrial plant', 'Terrestrial animal']","['Animal', 'Insect']"
https://live.staticflickr.com/65535/49503789751_c7748a6da4_c.jpg,False,"['outdoor', 'wood', 'dirty']",['stinkhorn'],"['Wood', 'Twig', 'Branch', 'Organism', 'Grass', 'Plant', 'Terrestrial plant', 'Terrestrial animal', 'Insect', 'Natural material']",[]
https://live.staticflickr.com/65535/49500350733_e4d22dba28_c.jpg,False,"['grass', 'outdoor', 'pile', 'plant', 'dry', 'soil']","['ant', 'stinkhorn', 'fiddler crab']","['Twig', 'Grass', 'Terrestrial plant', 'Groundcover', 'Plant', 'Soil', 'Event', 'Flowering plant', 'Herbaceous plant', 'Landscape']",[]
https://live.staticflickr.com/65535/49493456182_a9ff0e6742_o.jpg,True,"['tree', 'reptile', 'animal', 'outdoor', 'grass', 'lizard', 'frog', 'snake', 'amphibian', 'crocodile', 'scaled reptile', 'true frog', 'toad', 'true toad', 'turtle', 'tortoise', 'crocodilia', 'american alligator', 'alligator', 'nile crocodile', 'iguania', 'saltwater crocodile', 'anaxyrus', 'terrestrial animal', 'plant', 'wood', 'forest']","['tailed frog', 'bullfrog']","['Plant', 'Reptile', 'Frog', 'Toad', 'Organism', 'Scaled reptile', 'Grass', 'Terrestrial plant', 'True frog', 'Terrestrial animal']","['Animal', 'Frog']"
https://live.staticflickr.com/65535/49485076252_1c043cefed_o.jpg,True,"['ground', 'animal', 'reptile', 'lizard', 'amphibian', 'frog', 'toad', 'true frog', 'crocodile', 'true toad', 'scaled reptile']","['tailed frog', 'bullfrog']","['Water', 'True toad', 'Liquid', 'True frog', 'Frog', 'Fluid', 'Organism', 'Toad', 'Terrestrial animal', 'Bullfrog']",['Frog']
https://live.staticflickr.com/65535/49471662783_fe71c1d380_c.jpg,False,"['rock', 'reptile', 'animal', 'lizard', 'scaled reptile', 'amphibian', 'snake']","['sea snake', 'garter snake']","['Snake', 'Scaled reptile', 'Reptile', 'Terrestrial animal', 'Serpent', 'Wildlife', 'Elapidae', 'Colubridae', 'Terrestrial plant', 'Insect']",['Snake']
https://live.staticflickr.com/65535/49459285622_bc829df60e_o.jpg,True,"['outdoor', 'tree', 'animal', 'reptile', 'frog', 'snake', 'lizard', 'leaf', 'scaled reptile', 'amphibian', 'terrestrial animal', 'dirt', 'wood', 'forest']","['tailed frog', 'bullfrog']","['Reptile', 'Organism', 'Vegetation', 'Snake', 'Scaled reptile', 'Terrestrial animal', 'Grass', 'Terrestrial plant', 'Adaptation', 'Toad']","['Frog', 'Animal']"
https://live.staticflickr.com/65535/49402435457_8f704fa830_o.jpg,True,"['grass', 'outdoor', 'animal', 'frog']","['tailed frog', 'bullfrog']","['Brown', 'Rabbit', 'Insect', 'Plant', 'True toad', 'Hare', 'Grass', 'Terrestrial animal', 'Toad', 'Lower Keys Marsh Rabbit']",['Moths and butterflies']
https://live.staticflickr.com/65535/49397918237_61dcf3193e_o.jpg,True,"['animal', 'ground', 'frog', 'amphibian', 'true frog', 'reptile', 'lizard', 'toad', 'true toad']",['tailed frog'],"['Head', 'Frog', 'Eye', 'True frog', 'Toad', 'Organism', 'Terrestrial animal', 'Amphibian', 'Snout', 'Terrestrial plant']",['Frog']
https://live.staticflickr.com/65535/49386712491_38208f50fb_c.jpg,True,"['seafood', 'meat', 'grill', 'cooked']","['long-horned beetle', 'wolf spider']","['Brown', 'Marine invertebrates', 'Eye', 'Arthropod', 'Vertebrate', 'Insect', 'Organism', 'Terrestrial animal', 'Decapoda', 'Wood']","['Luggage & bags', 'Insect']"
https://live.staticflickr.com/65535/49386908612_fbfedf1178_c.jpg,True,"['reptile', 'animal', 'amphibian', 'true frog', 'toad', 'true toad', 'lizard', 'snake', 'scaled reptile', 'anaxyrus', 'frog', 'meal']",['tailed frog'],"['Frog', 'True frog', 'Toad', 'Terrestrial animal', 'Amphibian', 'True toad', 'Bullfrog', 'Liquid', 'Wildlife', 'Bufo']",['Frog']
https://live.staticflickr.com/65535/49379905007_3c623b8828_o.jpg,True,"['animal', 'grass', 'frog', 'reptile', 'green', 'lizard', 'amphibian', 'true frog']",['tailed frog'],"['Plant', 'Eye', 'True toad', 'Frog', 'True frog', 'Toad', 'Botany', 'Organism', 'Terrestrial plant', 'Grass']",['Frog']
https://live.staticflickr.com/65535/49378037562_8c0a2ea32e_c.jpg,False,"['animal', 'reptile', 'snake', 'lizard', 'stone']",['hognose snake'],"['Head', 'Nature', 'Reptile', 'Snake', 'Organism', 'Scaled reptile', 'Terrestrial animal', 'Adaptation', 'Wildlife', 'Colubridae']",['Snake']
https://live.staticflickr.com/65535/49357076791_0255591128_o.jpg,True,"['reptile', 'animal', 'lizard', 'crocodile', 'snake', 'turtle', 'tortoise', 'rock', 'frog', 'outdoor', 'scaled reptile', 'crocodilia', 'alligator', 'american alligator', 'saltwater crocodile', 'nile crocodile', 'sea turtle', 'amphibian', 'american crocodile', 'black', 'komodo dragon', 'iguania', 'iguanidae', 'varanidae']","['tailed frog', 'bullfrog']","['Head', 'Eye', 'Terrestrial animal', 'Frog', 'Snout', 'Amphibian', 'Toad', 'True toad', 'True frog', 'Reptile']",['Animal']
https://live.staticflickr.com/65535/49334234791_962af7f52f_c.jpg,True,"['reptile', 'animal', 'lizard', 'snake', 'turtle', 'crocodile', 'amphibian', 'tortoise', 'scaled reptile', 'frog', 'crocodilia', 'sea turtle', 'toad', 'alligator', 'american alligator', 'true frog', 'saltwater crocodile', 'nile crocodile', 'true toad', 'american crocodile', 'serpent', 'anaxyrus', 'close']","['tailed frog', 'bullfrog']","['Brown', 'Head', 'Eye', 'Frog', 'Reptile', 'True frog', 'Organism', 'Terrestrial animal', 'Toad', 'Adaptation']",['Frog']
https://live.staticflickr.com/65535/49323027606_0e128d35ce_o.jpg,True,"['animal', 'reptile', 'frog', 'amphibian']","['bullfrog', 'tailed frog']","['Frog', 'True frog', 'Liquid', 'Toad', 'Organism', 'Terrestrial animal', 'True toad', 'Amphibian', 'Wildlife', 'Bufo']",['Animal']
https://live.staticflickr.com/65535/49308239738_168a999d14_c.jpg,True,"['animal', 'frog', 'reptile', 'amphibian', 'true frog', 'toad', 'true toad', 'lizard']",['tailed frog'],"['Water', 'True toad', 'Eye', 'True frog', 'Liquid', 'Frog', 'Toad', 'Fluid', 'Terrestrial animal', 'Amphibian']",['Frog']
https://live.staticflickr.com/65535/49308731501_36371b9f93_c.jpg,True,"['animal', 'reptile', 'outdoor', 'salamander', 'frog', 'lizard', 'amphibian', 'snake', 'water', 'true frog', 'crocodile', 'orange']","['tailed frog', 'common newt']","['Liquid', 'Fluid', 'Amber', 'Terrestrial animal', 'Water', 'Amphibian', 'Frog', 'Reptile', 'True toad', 'Macro photography']",['Frog']
https://live.staticflickr.com/65535/49308236353_3fcde602a5_c.jpg,True,"['ground', 'animal', 'reptile', 'outdoor', 'rock', 'lizard', 'frog', 'amphibian', 'true frog', 'toad', 'scaled reptile', 'true toad', 'crocodile', 'snake', 'iguania', 'dirt', 'dirty']","['tailed frog', 'bullfrog']","['Frog', 'Terrestrial animal', 'Amphibian', 'Snout', 'Toad', 'Wildlife', 'True frog', 'Soil', 'Reptile', 'Landscape']","['Frog', 'Animal']"
https://live.staticflickr.com/65535/49308914747_8403db4460_c.jpg,True,"['ground', 'animal', 'frog', 'reptile', 'outdoor', 'lizard', 'amphibian', 'toad', 'true frog', 'true toad', 'scaled reptile', 'snake', 'crocodile', 'anaxyrus']",['tailed frog'],"['Head', 'Frog', 'Eye', 'True frog', 'Toad', 'Nature', 'True toad', 'Organism', 'Terrestrial animal', 'Amphibian']",['Frog']
https://live.staticflickr.com/65535/49305538326_ddcda91688_c.jpg,True,"['frog', 'animal', 'grass', 'reptile', 'lizard', 'plant']",['tailed frog'],"['Head', 'Plant', 'Eye', 'True toad', 'True frog', 'Frog', 'Organism', 'Toad', 'American Toad', 'Anaxyrus']",['Frog']
https://live.staticflickr.com/65535/49297117467_bb6d29163f_c.jpg,True,"['animal', 'frog', 'reptile', 'amphibian', 'true frog', 'toad', 'rock', 'true toad', 'lizard', 'crocodile', 'turtle', 'scaled reptile', 'anaxyrus', 'bullfrog']",['tailed frog'],"['Water', 'Eye', 'Plant', 'True frog', 'Vertebrate', 'Liquid', 'Frog', 'Toad', 'Fluid', 'True toad']",['Frog']
https://live.staticflickr.com/65535/49284765681_22d2a33848_c.jpg,True,"['animal', 'frog', 'reptile', 'lizard', 'amphibian', 'true frog', 'scaled reptile', 'toad', 'snake', 'true toad', 'turtle', 'crocodile', 'tortoise', 'iguania']",['tailed frog'],"['Eye', 'True toad', 'Frog', 'True frog', 'Toad', 'Organism', 'Terrestrial animal', 'Adaptation', 'Amphibian', 'Snout']",['Frog']
https://live.staticflickr.com/65535/49275940902_9a03e3684b_o.jpg,True,"['reptile', 'animal', 'frog', 'lizard', 'amphibian', 'snake', 'true frog', 'turtle', 'toad', 'crocodile', 'scaled reptile', 'tortoise', 'true toad', 'crocodilia', 'sea turtle', 'alligator', 'anaxyrus', 'american alligator', 'herpetology', 'bullfrog', 'saltwater crocodile']","['tailed frog', 'bullfrog']","['Frog', 'True frog', 'Toad', 'True toad', 'Terrestrial animal', 'Amphibian', 'Terrestrial plant', 'Bullfrog', 'Reptile', 'Wildlife']",['Frog']
https://live.staticflickr.com/65535/49272858228_09580bd3a2_c.jpg,True,"['ground', 'animal', 'reptile', 'frog', 'lizard', 'crocodile', 'snake', 'scaled reptile']","['bullfrog', 'tailed frog']","['Frog', 'Toad', 'True toad', 'Terrestrial animal', 'True frog', 'Amphibian', 'Snout', 'Soil', 'Wildlife', 'Bufo']",['Frog']
https://live.staticflickr.com/65535/49267047376_dd236aa173_o.jpg,True,"['animal', 'frog', 'reptile', 'amphibian', 'invertebrate', 'true frog']",['tailed frog'],"['Frog', 'True toad', 'True frog', 'Toad', 'Anaxyrus', 'Amphibian', 'Terrestrial animal', 'Close-up', 'Wildlife', 'Reptile']",['Frog']
https://live.staticflickr.com/65535/49269662793_85213bb519_o.jpg,False,"['text', 'animal']",['common iguana'],"['Vertebrate', 'Green', 'Organism', 'Terrestrial plant', 'Adaptation', 'Grass', 'Font', 'Forest', 'Groundcover', 'Poster']",['Packaged goods']
https://live.staticflickr.com/65535/49270323397_2a9d327bfe_o.jpg,True,"['reptile', 'rock', 'outdoor', 'ground', 'turtle', 'tortoise', 'animal', 'plant', 'sea turtle', 'reef', 'pile', 'lizard', 'aquarium', 'crocodile', 'snake', 'frog', 'scaled reptile', 'amphibian', 'stone', 'garden', 'surrounded', 'dirt']",['rock crab'],"['Botany', 'Nature', 'Reptile', 'True frog', 'Frog', 'Organism', 'Toad', 'Terrestrial plant', 'Plant', 'Terrestrial animal']",['Animal']
https://live.staticflickr.com/65535/49239114628_fc650b2b3e_c.jpg,False,"['drawing', 'child art', 'painting', 'sketch', 'art', 'cartoon', 'acrylic', 'animal', 'illustration', 'frog']","['tailed frog', 'bullfrog']","['Eye', 'Frog', 'Art paint', 'Green', 'Plant', 'Toad', 'Paint', 'True frog', 'Organism', 'Art']",['Frog']
https://live.staticflickr.com/65535/49224991478_ea945b29fb_o.jpg,True,"['tree', 'animal', 'outdoor', 'squirrel', 'frog', 'plant']","['bullfrog', 'tailed frog']","['Plant', 'Frog', 'Toad', 'Terrestrial plant', 'True frog', 'Terrestrial animal', 'Beak', 'Amphibian', 'Wood', 'Grass']",['Frog']
https://live.staticflickr.com/65535/49207347628_807f0af57b_c.jpg,True,"['animal', 'reptile', 'lizard']","['agama', 'common iguana', 'whiptail']","['Plant', 'Frog', 'Wood', 'Road surface', 'Floor', 'Reptile', 'Terrestrial animal', 'Terrestrial plant', 'Flooring', 'Amphibian']","['Animal', 'Frog']"
https://live.staticflickr.com/65535/49165541623_c473c9cffe_o.jpg,True,"['grass', 'animal', 'reptile', 'outdoor', 'frog', 'ground', 'lizard', 'amphibian', 'true frog', 'scaled reptile', 'toad', 'crocodile', 'snake', 'iguania', 'true toad', 'iguanidae', 'iguana', 'crocodilia', 'green iguana']","['tailed frog', 'bullfrog']","['Frog', 'True frog', 'Nature', 'Toad', 'Plant', 'Organism', 'Grass', 'Terrestrial animal', 'Amphibian', 'Terrestrial plant']",['Frog']
https://live.staticflickr.com/65535/49162327168_12e85f1ef8_o.jpg,True,"['ground', 'animal', 'frog', 'outdoor', 'amphibian', 'true frog', 'rock', 'toad', 'reptile', 'true toad', 'lizard']",['tailed frog'],"['Frog', 'Tire', 'Eye', 'Wheel', 'Organism', 'Terrestrial animal', 'Motor vehicle', 'Toad', 'True frog', 'Amphibian']",['Frog']
https://live.staticflickr.com/65535/49144522092_a3ba2ac660_o.jpg,True,"['animal', 'reptile', 'outdoor', 'lizard', 'snake', 'frog', 'amphibian', 'scaled reptile', 'true frog', 'toad', 'true toad', 'herpetology', 'leaf', 'plant', 'wood']","['tailed frog', 'tree frog']","['Plant', 'Frog', 'True frog', 'Toad', 'True toad', 'Organism', 'Terrestrial plant', 'Amphibian', 'Adaptation', 'Terrestrial animal']",['Frog']
https://live.staticflickr.com/65535/49114444608_608faf875e_o.jpg,True,"['animal', 'frog', 'reptile', 'lizard', 'amphibian', 'true frog', 'toad', 'true toad', 'open']",['tailed frog'],"['Brown', 'Eye', 'Frog', 'Toad', 'Organism', 'True toad', 'Anaxyrus', 'Terrestrial animal', 'Adaptation', 'True frog']","['Frog', 'Animal']"
https://live.staticflickr.com/65535/49058446688_6b8d35dec7_c.jpg,True,"['animal', 'frog', 'reptile', 'lizard', 'amphibian', 'true frog', 'toad', 'true toad']","['tailed frog', 'bullfrog']","['Frog', 'Toad', 'True toad', 'Organism', 'True frog', 'Anaxyrus', 'Grass', 'Amphibian', 'Terrestrial animal', 'Plant']",['Frog']
https://live.staticflickr.com/65535/49057169197_1a1482881f_c.jpg,True,"['animal', 'frog', 'reef', 'marine invertebrates', 'reptile', 'invertebrate', 'food', 'close']",['tailed frog'],"['Head', 'Eye', 'Frog', 'True toad', 'Toad', 'Human body', 'True frog', 'Reptile', 'Organism', 'Iris']",['Turtle']
https://live.staticflickr.com/65535/49032881622_1d70497d1a_c.jpg,True,"['reptile', 'lizard', 'animal', 'cat', 'text', 'crocodile', 'snake', 'amphibian', 'turtle', 'scaled reptile', 'tortoise', 'true frog', 'crocodilia', 'toad', 'true toad', 'alligator', 'saltwater crocodile', 'sea turtle', 'nile crocodile', 'american alligator', 'frog', 'iguania']",['tailed frog'],"['Eye', 'Frog', 'Reptile', 'True frog', 'Plant', 'Organism', 'True toad', 'Toad', 'Scaled reptile', 'Terrestrial animal']",['Animal']
https://live.staticflickr.com/65535/49011495946_8e1ece1c7f_c.jpg,True,"['reptile', 'grass', 'animal', 'lizard', 'snake', 'amphibian', 'scaled reptile', 'crocodile', 'true frog', 'toad', 'turtle', 'tortoise', 'true toad', 'iguania', 'crocodilia', 'frog', 'colorful']","['tailed frog', 'bullfrog']","['Photograph', 'Vertebrate', 'Green', 'Reptile', 'Botany', 'Plant', 'Nature', 'Toad', 'Leaf', 'Blue']","['Frog', 'Animal']"
https://live.staticflickr.com/65535/48983515241_73c62682b4_c.jpg,True,"['animal', 'reptile', 'lizard', 'frog', 'amphibian', 'true frog', 'toad', 'snake', 'scaled reptile', 'true toad', 'crocodile', 'iguania', 'close']",['tailed frog'],"['Head', 'Eye', 'Plant', 'Frog', 'Toad', 'True toad', 'Terrestrial animal', 'Fawn', 'True frog', 'Amphibian']",['Frog']
https://live.staticflickr.com/65535/48982739108_2c41561917_c.jpg,True,"['ground', 'outdoor', 'animal', 'frog', 'rock', 'reptile', 'lizard']",['tailed frog'],"['Frog', 'Pollinator', 'Insect', 'True frog', 'Toad', 'True toad', 'Arthropod', 'Moths and butterflies', 'Wood', 'Amphibian']",['Frog']
https://live.staticflickr.com/65535/48982738798_9cc2b75dee_c.jpg,True,"['ground', 'animal', 'outdoor', 'rock', 'rust', 'salamander', 'wood', 'frog', 'dirt']",['tailed frog'],"['Brown', 'Leaf', 'Pollinator', 'Insect', 'Terrestrial animal', 'Arthropod', 'Wood', 'Amphibian', 'Butterfly', 'Moths and butterflies']",['Frog']
https://live.staticflickr.com/65535/48982738488_1d4e88f0fd_c.jpg,True,"['ground', 'animal', 'reptile', 'outdoor', 'lizard', 'amphibian', 'true frog', 'rock', 'toad', 'true toad', 'snake', 'frog', 'scaled reptile', 'anaxyrus']",['tailed frog'],"['Frog', 'True toad', 'Toad', 'Organism', 'True frog', 'Anaxyrus', 'Texas Toad', 'Amphibian', 'Terrestrial animal', 'Snout']",['Frog']
https://live.staticflickr.com/65535/48982738178_6a258da8bd_c.jpg,True,"['ground', 'frog', 'outdoor', 'reptile', 'animal', 'lizard', 'snake', 'plant', 'amphibian', 'scaled reptile', 'herpetology', 'leaf', 'wood', 'dirt']",['tailed frog'],"['Brown', 'True toad', 'Frog', 'True frog', 'Anaxyrus', 'Toad', 'Organism', 'Texas Toad', 'Terrestrial animal', 'Amphibian']","['Frog', 'Animal']"
https://live.staticflickr.com/65535/48982543947_404659a592_o.jpg,True,"['animal', 'outdoor', 'ground', 'reptile', 'frog', 'beach', 'lizard', 'amphibian', 'toad', 'true frog', 'scaled reptile', 'true toad', 'crocodile', 'sand', 'sandy']",['tailed frog'],"['True toad', 'Eye', 'Frog', 'True frog', 'Toad', 'Anaxyrus', 'Amphibian', 'Terrestrial animal', 'Reptile', 'Landscape']",['Frog']
https://live.staticflickr.com/65535/48977308561_d68cec7080_o.jpg,True,"['animal', 'frog', 'true frog', 'amphibian', 'toad', 'reptile', 'true toad', 'anaxyrus', 'bullfrog', 'open']",['tailed frog'],"['Plant', 'Frog', 'Green', 'True frog', 'True toad', 'Toad', 'Organism', 'Grass', 'Terrestrial plant', 'Terrestrial animal']",['Frog']
https://live.staticflickr.com/65535/48956167937_960822be66_c.jpg,True,"['grass', 'outdoor', 'animal', 'field', 'frog', 'green', 'toad', 'true toad', 'true frog', 'amphibian', 'grassy']","['tailed frog', 'bullfrog']","['True toad', 'Plant', 'True frog', 'Frog', 'Grass', 'Toad', 'Terrestrial animal', 'Grassland', 'Tree', 'Terrestrial plant']",['Frog']
https://live.staticflickr.com/65535/48952104066_88e735fe27_o.jpg,True,"['animal', 'reptile', 'amphibian', 'true frog', 'closeup', 'toad', 'black', 'lizard', 'frog', 'dark', 'true toad', 'turtle', 'snake']","['bullfrog', 'tailed frog']","['Artifact', 'Sculpture', 'Art', 'Darkness', 'Metal', 'Carving', 'Bronze', 'Macro photography', 'Amphibian', 'Creative arts']",['Frog']
